,Date,Eat_Total,AvgPiecesPerShark,Drop_Total,AvgDropsPerShark,Target_Total,AvgTargetsPerShark,SharkCount,Temperature,Temperature_Rounded,Saury,Blue Runner,Squid,Mackerel,Herring,Sardine,Mazuri Vitamins,Garlic,Salmon,Bonito,Bluefish,Mahi,Goggle Eye,Humbolt Squid,food_combo
0,2017-12-05,33,2.75,3,0.25,22,1.8333333330000001,12,73.2,73,1,0,0,0,0,0,1,1,0,0,0,0,0,0,Saury
1,2017-12-07,3,0.25,10,0.833333333,30,2.5,12,73.2,73,0,1,1,1,0,0,1,1,0,0,0,0,0,0,Blue Runner_Squid_Mackerel
2,2017-12-09,6,1.2,1,0.2,8,1.6,5,73.6,74,0,0,0,0,1,0,0,1,0,0,0,0,0,0,Herring
3,2017-12-10,14,2.0,1,0.14285714300000002,15,2.142857143,7,73.6,74,0,0,0,1,0,1,0,1,0,0,0,0,0,0,Mackerel
4,2017-12-12,27,2.25,3,0.25,26,2.166666667,12,73.4,73,1,0,0,0,0,0,1,1,0,0,0,0,0,0,Saury
5,2017-12-14,30,2.5,4,0.333333333,23,1.9166666669999999,12,73.0,73,0,1,1,0,0,0,1,1,0,0,0,0,0,0,Blue Runner_Squid
6,2017-12-16,1,0.2,12,2.4,11,2.2,5,74.0,74,0,0,0,0,1,0,0,1,0,0,0,0,0,0,Herring
7,2017-12-17,11,1.571428571,6,0.857142857,24,3.428571429,7,73.2,73,0,0,0,1,0,1,0,0,0,0,0,0,0,0,Mackerel
8,2017-12-19,27,2.25,26,2.166666667,28,2.333333333,12,73.2,73,1,0,0,0,0,0,1,1,0,0,0,0,0,0,Saury
9,2017-12-21,13,1.083333333,5,0.41666666700000005,34,2.833333333,12,73.6,74,0,1,0,0,0,0,1,1,0,0,0,0,0,0,Blue Runner
10,2017-12-23,8,1.6,3,0.6,12,2.4,5,74.8,75,0,0,0,0,1,0,0,0,0,0,0,0,0,0,Herring
11,2017-12-24,15,2.142857143,1,0.14285714300000002,38,5.428571429,7,73.4,73,0,0,0,1,0,1,0,0,0,0,0,0,0,0,Mackerel
12,2017-12-26,27,2.25,6,0.5,43,3.583333333,12,74.4,74,1,0,0,0,0,0,1,1,0,0,0,0,0,0,Saury
13,2017-12-28,15,1.25,4,0.333333333,32,2.666666667,12,73.8,74,0,1,0,0,0,0,1,1,0,0,0,0,0,0,Blue Runner
14,2017-12-30,10,2.0,1,0.2,19,3.8,5,74.6,75,0,0,0,0,1,0,0,0,0,0,0,0,0,0,Herring
15,2017-12-31,16,2.285714286,1,0.14285714300000002,49,7.0,7,74.6,75,0,0,0,1,0,1,0,1,0,0,0,0,0,0,Mackerel
16,2018-01-02,27,2.25,3,0.25,53,4.416666667,12,74.6,75,1,0,0,0,0,0,1,1,0,0,0,0,0,0,Saury
17,2018-01-04,17,1.4166666669999999,3,0.25,31,2.583333333,12,74.6,75,0,1,1,0,0,0,1,1,0,0,0,0,0,0,Blue Runner_Squid
18,2018-01-06,10,2.0,1,0.2,9,1.8,5,74.8,75,0,0,0,0,1, ,0,1,0,0,0,0,0,0,Herring
19,2018-01-07,12,1.714285714,6,0.857142857,30,4.285714286,7,74.4,74,0,0,0,1,0,1,0,1,0,0,0,0,0,0,Mackerel
20,2018-01-09,23,1.9166666669999999,4,0.333333333,43,3.583333333,12,73.8,74,1,0,0,0,0,0,1,1,0,0,0,0,0,0,Saury
21,2018-01-11,15,1.25,3,0.25,55,4.583333333,12,73.2,73,0,1,1,0,0,0,1,1,0,0,0,0,0,0,Blue Runner_Squid
22,2018-01-13,7,1.4,1,0.2,10,2.0,5,75.0,75,0,0,0,0,1,0,0,0,0,0,0,0,0,0,Herring
23,2018-01-14,13,1.857142857,0,0.0,37,5.285714286,7,74.0,74,0,0,0,1,0,1,0,1,0,0,0,0,0,0,Mackerel
24,2018-01-16,24,2.0,8,0.666666667,48,4.0,12,73.8,74,1,0,0,0,0,0,1,1,0,0,0,0,0,0,Saury
25,2018-01-18,16,1.333333333,7,0.583333333,63,5.25,12,73.2,73,0,1,1,0,0,0,1,1,0,0,0,0,0,0,Blue Runner_Squid
26,2018-01-20,13,2.6,1,0.2,20,4.0,5,74.4,74,0,0,0,0,1,0,0,0,0,0,0,0,0,0,Herring
27,2018-01-21,8,1.142857143,3,0.428571429,38,5.428571429,7,73.0,73,0,0,0,1,0,1,0,1,0,0,0,0,0,0,Mackerel
28,2018-01-23,16,1.333333333,5,0.41666666700000005,70,5.833333333,12,72.6,73,1,0,0,0,0,0,1,1,0,0,0,0,0,0,Saury
29,2018-01-25,14,1.166666667,3,0.25,40,3.333333333,12,72.6,73,0,0,0,0,0,0,1,1,0,0,1,0,0,0,Bluefish
30,2018-01-27,14,2.8,1,0.2,35,7.0,5,73.8,74,0,0,0,0,1,0,0,0,0,0,0,0,0,0,Herring
31,2018-01-28,13,1.857142857,2,0.28571428600000004,33,4.714285714,7,73.4,73,0,0,0,1,0,1,0,0,0,0,0,0,0,0,Mackerel
32,2018-01-30,16,1.333333333,12,1.0,37,3.083333333,12,72.6,73,1,0,0,0,0,0,1,1,0,0,0,0,0,0,Saury
33,2018-02-01,11,0.916666667,6,0.5,45,3.75,12,72.8,73,0,1,1,0,0,0,1,1,0,0,0,0,0,0,Blue Runner_Squid
34,2018-02-03,9,1.8,0,0.0,31,6.2,5,73.8,74,0,0,0,0,1,0,0,1,0,0,0,0,0,0,Herring
35,2018-02-04,15,2.142857143,2,0.28571428600000004,39,5.571428571,7,73.4,73,0,0,0,1,0,1,0,1,0,0,0,0,0,0,Mackerel
36,2018-02-06,25,2.083333333,4,0.333333333,67,5.583333333,12,72.8,73,1,0,0,0,0,0,1,1,0,0,0,0,0,0,Saury
37,2018-02-08,18,1.5,7,0.583333333,65,5.416666667,12,73.4,73,0,1,0,0,0,0,1,1,0,0,0,0,0,0,Blue Runner
38,2018-02-10,13,2.6,0,0.0,17,3.4,5,73.8,74,0,0,0,0,1,0,0,0,0,0,0,0,0,0,Herring
39,2018-02-11,17,2.4285714290000002,4,0.571428571,85,12.14285714,7,73.6,74,0,0,0,1,0,1,0,0,0,0,0,0,0,0,Mackerel
40,2018-02-13,25,2.083333333,5,0.41666666700000005,94,7.833333333,12,74.0,74,1,0,0,0,0,0,1,1,0,0,0,0,0,0,Saury
41,2018-02-15,15,1.25,11,0.916666667,82,6.833333333,12,73.0,73,0,1,0,0,0,0,1,1,0,0,0,0,0,0,Blue Runner
42,2018-02-17,9,1.8,0,0.0,15,3.0,5,74.0,74,0,0,0,0,1,0,0,0,0,0,0,0,0,0,Herring
43,2018-02-18,20,2.857142857,7,1.0,48,6.857142857,7,73.4,73,0,0,0,1,0,1,0,1,0,0,0,0,0,0,Mackerel
44,2018-02-20,22,1.8333333330000001,7,0.583333333,71,5.916666667,12,73.8,74,1,0,0,0,0,0,1,1,0,0,0,0,0,0,Saury
45,2018-02-22,19,1.5833333330000001,6,0.5,84,7.0,12,72.8,73,0,1,0,0,0,0,0,0,0,0,0,0,0,0,Blue Runner
46,2018-02-24,14,2.8,1,0.2,28,5.6,5,73.8,74,0,0,0,0,1,0,0,0,0,0,0,0,0,0,Herring
47,2018-02-25,19,2.714285714,4,0.571428571,69,9.857142857000001,7,73.0,73,0,0,0,1,1,0,0,1,0,0,0,0,0,0,Mackerel_Herring
48,2018-02-27,20,1.6666666669999999,11,0.916666667,70,5.833333333,12,72.8,73,0,0,0,0,0,0,0,0,0,0,0,0,0,0,
49,2018-03-01,21,1.75,5,0.41666666700000005,57,4.75,12,72.8,73,0,1,1,0,0,0,1,1,0,0,0,0,0,0,Blue Runner_Squid
50,2018-03-03,28,2.333333333,1,0.083333333,45,3.75,12,73.6,74,0,0,0,1,1,1,0,1,0,0,0,0,0,0,Mackerel_Herring
51,2018-03-05,22,1.8333333330000001,6,0.5,115,9.583333332999999,12,73.8,74,1,0,0,0,0,0,0,0,0,0,0,0,0,0,Saury
52,2018-03-08,22,1.8333333330000001,1,0.083333333,136,11.33333333,12,72.6,73,0,1,1,0,0,0,0,0,0,0,0,0,0,0,Blue Runner_Squid
53,2018-03-10,1,0.2,0,0.0,12,2.4,5,73.4,73,0,0,0,0,0,0,0,0,1,0,0,0,0,0,Salmon
54,2018-03-11,20,2.857142857,6,0.857142857,67,9.571428571,7,73.2,73,0,0,0,1,1,1,0,1,0,0,0,0,0,0,Mackerel_Herring
55,2018-03-13,10,0.833333333,10,0.833333333,45,3.75,12,72.4,72,1,0,0,0,0,0,0,0,0,0,0,0,0,0,Saury
56,2018-03-15,20,1.6666666669999999,4,0.333333333,82,6.833333333,12,73.6,74,0,1,1,0,0,0,1,1,0,0,0,0,1,0,Blue Runner_Squid_Goggle Eye
57,2018-03-17,11,2.2,2,0.4,19,3.8,5,74.0,74,0,0,0,0,1,0,0,1,0,0,0,0,0,0,Herring
58,2018-03-18,18,2.5714285709999998,5,0.7142857140000001,60,8.571428571,7,74.0,74,0,0,0,1,0,1,1,1,0,0,0,0,0,0,Mackerel
59,2018-03-20,25,2.083333333,8,0.666666667,59,4.916666667,12,73.8,74,1,0,0,0,0,0,1,1,0,0,0,0,0,0,Saury
60,2018-03-22,18,1.5,2,0.166666667,31,2.583333333,12,74.0,74,0,1,0,0,0,0,1,1,0,0,0,0,0,0,Blue Runner
61,2018-03-24,5,1.0,1,0.2,7,1.4,5,74.2,74,0,0,0,0,1,0,0,1,0,0,0,0,0,0,Herring
62,2018-03-25,20,2.857142857,3,0.428571429,58,8.285714286000001,7,74.4,74,0,0,0,1,0,1,0,1,0,0,0,0,0,0,Mackerel
63,2018-03-27,24,2.0,5,0.41666666700000005,44,3.666666667,12,73.8,74,1,0,0,0,0,0,0,0,0,0,0,0,0,0,Saury
64,2018-03-29,23,1.9166666669999999,3,0.25,86,7.166666667,12,74.4,74,0,1,0,0,0,0,1,1,0,0,0,0,0,0,Blue Runner
65,2018-03-31,3,0.6,0,0.0,8,1.6,5,74.4,74,0,0,0,0,1,0,0,1,0,0,0,0,0,0,Herring
66,2018-04-01,27,3.857142857,0,0.0,74,10.57142857,7,74.4,74,0,0,0,1,0,1,0,1,0,0,0,0,0,0,Mackerel
67,2018-04-03,17,1.4166666669999999,7,0.583333333,66,5.5,12,74.6,75,1,0,0,0,0,0,1,1,0,0,0,0,0,0,Saury
68,2018-04-05,22,1.8333333330000001,5,0.41666666700000005,97,8.083333332999999,12,74.4,74,0,1,0,0,0,0,1,1,0,0,0,0,0,0,Blue Runner
69,2018-04-07,8,1.6,0,0.0,17,3.4,5,74.6,75,0,0,0,0,1,0,0,0,0,0,0,0,0,0,Herring
70,2018-04-08,21,3.0,2,0.28571428600000004,38,5.428571429,7,74.6,75,0,0,0,1,0,1,0,1,0,0,0,0,0,0,Mackerel
71,2018-04-10,18,1.5,8,0.666666667,66,5.5,12,74.4,74,1,0,0,0,0,0,1,1,0,0,0,0,0,0,Saury
72,2018-04-12,24,2.0,4,0.333333333,31,2.583333333,12,75.0,75,0,1,0,0,0,0,1,1,0,0,0,0,0,0,Blue Runner
73,2018-04-14,10,2.0,0,0.0,21,4.2,5,74.8,75,0,0,0,0,1,0,0,0,0,0,0,0,0,0,Herring
74,2018-04-15,15,2.142857143,4,0.571428571,62,8.857142857000001,7,74.8,75,0,0,0,1,0,1,0,1,0,0,0,0,0,0,Mackerel
75,2018-04-17,15,1.25,5,0.41666666700000005,105,8.75,12,74.4,74,1,0,0,0,0,0,0,1,0,0,0,0,0,0,Saury
76,2018-04-19,18,1.5,4,0.333333333,83,6.916666667,12,74.4,74,0,1,0,0,0,0,0,0,0,0,0,0,0,0,Blue Runner
77,2018-04-21,5,1.0,1,0.2,14,2.8,5,74.6,75,0,0,0,0,1,0,0,1,0,0,0,0,0,0,Herring
78,2018-04-22,4,0.8,2,0.4,31,6.2,5,74.4,74,0,0,0,1,0,1,0,1,0,0,0,0,0,0,Mackerel
79,2018-04-24,0,0.0,5,0.41666666700000005,67,5.583333333,12,74.8,75,1,0,0,0,0,0,0,0,0,0,0,0,0,0,Saury
80,2018-04-26,23,1.9166666669999999,4,0.333333333,105,8.75,12,74.2,74,0,1,0,0,0,0,0,1,0,0,0,0,0,0,Blue Runner
81,2018-04-28,11,2.2,1,0.2,33,6.6,5,75.0,75,0,0,0,0,1,0,0,1,0,0,0,0,0,0,Herring
82,2018-04-29,11,1.571428571,2,0.28571428600000004,53,7.571428571,7,75.0,75,0,0,0,1,0,1,0,1,0,0,0,0,0,0,Mackerel
83,2018-05-01,35,2.916666667,2,0.166666667,88,7.333333333,12,74.8,75,1,0,0,0,0,0,1,1,0,0,0,0,0,0,Saury
84,2018-05-03,21,1.75,3,0.25,69,5.75,12,74.4,74,0,1,1,0,0,0,1,1,0,0,0,0,0,0,Blue Runner_Squid
85,2018-05-05,10,2.0,0,0.0,20,4.0,5,75.6,76,0,0,0,0,1,0,0,1,0,0,0,0,0,0,Herring
86,2018-05-06,17,2.4285714290000002,1,0.14285714300000002,47,6.714285714,7,75.2,75,0,0,0,1,0,1,0,1,0,0,0,0,0,0,Mackerel
87,2018-05-08,33,2.75,3,0.25,94,7.833333333,12,75.4,75,1,0,0,0,0,0,1,1,0,0,0,0,0,0,Saury
88,2018-05-10,20,1.6666666669999999,3,0.25,58,4.833333333,12,75.6,76,0,1,1,0,0,0,1,1,0,0,0,0,0,0,Blue Runner_Squid
89,2018-05-12,8,1.6,1,0.2,19,3.8,5,75.4,75,0,0,0,0,1,0,0,0,0,0,0,0,1,0,Herring_Goggle Eye
90,2018-05-13,15,2.142857143,2,0.28571428600000004,109,15.57142857,7,76.2,76,0,0,0,1,0,1,0,0,0,0,0,0,0,0,Mackerel
91,2018-05-15,35,2.916666667,6,0.5,87,7.25,12,76.0,76,0,1,0,0,0,0,1,1,0,0,0,0,0,0,Blue Runner
92,2018-05-17,15,1.25,5,0.41666666700000005,52,4.333333333,12,75.6,76,0,1,0,0,0,0,1,1,0,0,0,0,0,0,Blue Runner
93,2018-05-19,5,1.0,1,0.2,10,2.0,5,76.4,76,0,0,0,0,1,0,0,1,0,0,0,0,1,0,Herring_Goggle Eye
94,2018-05-20,14,2.0,4,0.571428571,59,8.428571429,7,76.4,76,0,0,0,1,0,1,0,1,0,0,0,0,0,0,Mackerel
95,2018-05-22,36,3.0,6,0.5,81,6.75,12,76.2,76,1,0,1,0,0,0,1,1,0,0,0,0,0,0,Saury_Squid
96,2018-05-24,21,1.75,3,0.25,69,5.75,12,76.2,76,0,0,0,0,0,0,1,1,0,1,0,0,0,0,Bonito
97,2018-05-26,6,1.2,3,0.6,22,4.4,5,76.0,76,0,0,0,0,1,0,0,1,0,0,0,0,0,0,Herring
98,2018-05-27,15,2.142857143,0,0.0,63,9.0,7,76.4,76,0,0,0,1,0,1,0,1,0,0,0,0,0,0,Mackerel
99,2018-05-29,29,2.416666667,4,0.333333333,47,3.916666667,12,76.4,76,1,0,0,0,0,0,0,0,0,0,0,0,0,0,Saury
100,2018-05-31,30,2.5,5,0.41666666700000005,102,8.5,12,76.8,77,0,1,1,0,0,0,1,1,0,0,0,0,1,0,Blue Runner_Squid_Goggle Eye
101,2018-06-02,9,1.8,1,0.2,13,2.6,5,76.4,76,0,0,0,0,1,0,0,1,0,0,0,0,0,0,Herring
102,2018-06-03,14,2.0,1,0.14285714300000002,40,5.714285714,7,77.0,77,0,0,0,1,0,1,0,1,0,0,0,0,0,0,Mackerel
103,2018-06-05,26,2.166666667,7,0.583333333,68,5.666666667,12,76.6,77,1,0,0,0,0,0,1,1,0,0,0,0,0,0,Saury
104,2018-06-07,27,2.25,2,0.166666667,95,7.916666667,12,77.0,77,0,0,1,0,0,0,1,1,0,0,0,0,0,1,Squid_Humbolt Squid
105,2018-06-09,6,1.2,0,0.0,22,4.4,5,77.2,77,0,0,0,0,1,0,0,1,0,0,0,0,1,0,Herring_Goggle Eye
106,2018-06-10,14,2.0,4,0.571428571,55,7.857142857,7,76.8,77,0,0,0,1,0,1,0,1,0,0,0,0,0,0,Mackerel
107,2018-06-12,27,2.25,6,0.5,98,8.166666667000001,12,76.6,77,1,0,0,0,0,0,0,1,0,0,0,0,0,0,Saury
108,2018-06-14,27,2.25,0,0.0,72,6.0,12,76.6,77,0,0,1,0,0,0,1,1,0,1,0,0,0,1,Squid_Bonito_Humbolt Squid
109,2018-06-15,6,1.2,1,0.2,25,5.0,5,76.6,77,0,0,0,0,1,0,0,1,0,0,0,0,0,0,Herring
110,2018-06-17,12,1.714285714,3,0.428571429,37,5.285714286,7,76.6,77,0,0,0,1,0,1,0,1,0,0,0,0,0,0,Mackerel
111,2018-06-19,32,2.666666667,3,0.25,103,8.583333332999999,12,76.6,77,1,0,0,0,0,0,1,1,0,0,0,0,0,0,Saury
112,2018-06-21,18,1.5,2,0.166666667,51,4.25,12,76.6,77,0,0,0,0,0,0,1,0,1,1,0,0,1,0,Salmon_Bonito_Goggle Eye
113,2018-06-23,5,1.0,0,0.0,33,6.6,5,76.8,77,0,0,0,0,1,0,0,1,0,1,0,0,0,0,Herring_Bonito
114,2018-06-24,12,1.714285714,2,0.28571428600000004,52,7.428571429,7,77.2,77,0,0,0,1,0,1,0,1,0,0,0,0,0,0,Mackerel
115,2018-06-26,33,2.75,0,0.0,58,4.833333333,12,76.6,77,1,0,0,0,1,0,0,0,0,0,0,0,0,0,Saury_Herring
116,2018-06-28,20,1.6666666669999999,6,0.5,107,8.916666667000001,12,76.8,77,0,0,1,0,1,0,0,1,0,0,1,0,0,0,Squid_Herring_Bluefish
117,2018-06-30,13,2.6,0,0.0,31,6.2,5,76.8,77,0,0,0,0,1,0,0,1,0,0,0,0,0,0,Herring
118,2018-07-01,17,2.4285714290000002,4,0.571428571,53,7.571428571,7,77.4,77,0,0,0,0,1,0,0,1,0,0,0,0,0,0,Herring
119,2018-07-03,18,1.5,6,0.5,63,5.25,12,76.6,77,0,0,1,1,0,0,1,1,0,0,0,0,0,1,Squid_Mackerel_Humbolt Squid
120,2018-07-05,19,1.5833333330000001,3,0.25,80,6.666666667,12,76.6,77,0,0,1,0,0,1,0,1,0,0,0,0,0,0,Squid
121,2018-07-07,6,1.2,1,0.2,28,5.6,5,77.2,77,0,0,0,0,1,0,0,0,0,0,0,0,0,0,Herring
122,2018-07-08,11,1.571428571,1,0.14285714300000002,48,6.857142857,7,77.2,77,0,0,0,1,0,1,0,1,0,0,0,0,0,0,Mackerel
123,2018-07-10,25,2.083333333,1,0.083333333,86,7.166666667,12,78.2,78,1,0,0,0,0,0,0,1,0,0,0,0,0,0,Saury
124,2018-07-12,16,1.333333333,1,0.083333333,49,4.083333333,12,78.4,78,0,1,1,0,0,0,0,1,0,0,0,0,0,0,Blue Runner_Squid
125,2018-07-14,10,2.0,0,0.0,36,7.2,5,78.2,78,0,0,0,0,1,0,0,1,0,0,0,0,0,0,Herring
126,2018-07-15,14,2.0,3,0.428571429,35,5.0,7,78.6,79,0,0,0,1,0,1,0,1,0,0,0,0,0,0,Mackerel
127,2018-07-17,32,2.666666667,1,0.083333333,59,4.916666667,12,78.4,78,1,0,0,0,0,0,0,0,0,0,0,0,0,0,Saury
128,2018-07-19,25,2.083333333,2,0.166666667,67,5.583333333,12,78.4,78,0,0,0,0,0,0,0,0,0,0,0,0,0,0,
129,2018-07-21,8,1.6,0,0.0,42,8.4,5,78.6,79,0,0,0,0,1,0,0,1,0,0,0,0,0,0,Herring
130,2018-07-22,13,1.857142857,1,0.14285714300000002,54,7.714285714,7,78.4,78,0,0,0,1,0,1,0,1,0,0,0,0,0,0,Mackerel
131,2018-07-24,33,2.75,0,0.0,77,6.416666667,12,78.6,79,1,0,0,0,0,0,0,1,0,0,0,0,0,0,Saury
132,2018-07-26,26,2.166666667,2,0.166666667,60,5.0,12,78.6,79,0,1,1,0,0,0,0,0,0,0,0,0,0,0,Blue Runner_Squid
133,2018-07-28,12,2.4,0,0.0,26,5.2,5,78.6,79,0,0,0,0,1,0,0,1,0,0,0,0,0,0,Herring
134,2018-07-29,14,2.0,2,0.28571428600000004,40,5.714285714,7,77.8,78,0,0,0,1,0,1,0,1,0,0,0,0,0,0,Mackerel
135,2018-07-31,32,2.666666667,6,0.5,99,8.25,12,78.0,78,1,0,0,0,0,0,1,1,0,0,0,0,0,0,Saury
136,2018-08-02,30,2.5,3,0.25,85,7.083333333,12,77.8,78,0,1,1,0,0,0,1,1,0,0,0,0,0,0,Blue Runner_Squid
137,2018-08-04,14,2.8,0,0.0,45,9.0,5,78.4,78,0,0,0,0,1,0,0,0,0,0,0,0,0,0,Herring
138,2018-08-05,12,1.714285714,4,0.571428571,63,9.0,7,78.0,78,0,0,0,1,0,1,0,1,0,0,0,0,0,0,Mackerel
139,2018-08-07,36,3.0,3,0.25,113,9.416666667000001,12,77.4,77,1,0,0,0,0,0,1,1,0,0,0,0,0,0,Saury
140,2018-08-09,31,2.583333333,1,0.083333333,111,9.25,12,77.4,77,0,1,1,0,0,0,1,1,0,0,0,0,0,0,Blue Runner_Squid
141,2018-08-11,13,2.6,0,0.0,17,3.4,5,78.2,78,0,0,0,0,1,0,0,1,0,0,0,0,0,0,Herring
142,2018-08-12,16,2.285714286,0,0.0,62,8.857142857000001,7,78.0,78,0,0,0,1,0,1,0,1,0,0,0,0,0,0,Mackerel
143,2018-08-14,32,2.666666667,0,0.0,93,7.75,12,77.6,78,1,0,0,0,0,0,0,0,0,0,0,0,0,0,Saury
144,2018-08-16,24,2.0,4,0.333333333,65,5.416666667,12,77.4,77,0,1,1,0,0,0,1,1,0,0,0,0,0,0,Blue Runner_Squid
145,2018-08-18,10,2.0,0,0.0,20,4.0,5,77.6,78,0,0,0,0,1,0,1,0,0,0,0,0,0,0,Herring
146,2018-08-19,15,2.142857143,2,0.28571428600000004,51,7.285714286,7,77.4,77,0,0,0,1,0,1,0,1,0,0,0,0,0,0,Mackerel
147,2018-08-21,22,1.8333333330000001,2,0.166666667,62,5.166666667,12,77.2,77,1,0,0,0,0,0,1,1,0,0,0,0,0,0,Saury
148,2018-08-23,21,1.75,2,0.166666667,54,4.5,12,77.4,77,0,1,1,0,0,0,1,1,1,0,0,0,0,0,Blue Runner_Squid_Salmon
149,2018-08-25,10,2.0,0,0.0,47,9.4,5,78.0,78,0,0,0,0,1,0,0,0,0,0,0,0,0,0,Herring
150,2018-08-26,14,2.0,4,0.571428571,50,7.142857143,7,77.8,78,0,0,0,1,0,1,0,1,0,0,0,0,0,0,Mackerel
151,2018-08-28,28,2.333333333,4,0.333333333,73,6.083333333,12,77.4,77,1,0,0,0,0,0,1,1,0,0,0,0,0,0,Saury
152,2018-08-30,26,2.166666667,3,0.25,64,5.333333333,12,76.8,77,0,1,1,0,0,0,1,1,0,0,0,0,0,0,Blue Runner_Squid
153,2018-09-01,10,2.0,0,0.0,5,1.0,5,77.4,77,0,0,0,0,1,0,0,1,0,0,0,0,0,0,Herring
154,2018-09-02,14,2.0,1,0.14285714300000002,64,9.142857142999999,7,76.8,77,0,0,0,1,0,1,0,1,0,0,0,0,0,0,Mackerel
155,2018-09-04,31,2.583333333,1,0.083333333,59,4.916666667,12,76.6,77,1,0,0,0,0,0,1,1,0,0,0,0,0,0,Saury
156,2018-09-06,23,1.9166666669999999,1,0.083333333,81,6.75,12,76.8,77,0,1,1,0,0,0,1,1,0,0,0,0,0,0,Blue Runner_Squid
157,2018-09-08,8,1.6,0,0.0,36,7.2,5,77.0,77,0,0,0,0,1,0,1,0,0,0,0,0,0,0,Herring
158,2018-09-09,18,2.5714285709999998,2,0.28571428600000004,78,11.14285714,7,77.0,77,0,0,0,1,0,1,0,1,0,0,0,0,0,0,Mackerel
159,2018-09-11,34,2.833333333,1,0.083333333,80,6.666666667,12,76.4,76,1,0,0,0,0,0,1,1,0,0,0,0,0,0,Saury
160,2018-09-13,30,2.5,5,0.41666666700000005,84,7.0,12,76.0,76,0,1,1,0,0,0,1,1,0,0,0,0,0,0,Blue Runner_Squid
161,2018-09-15,10,2.0,0,0.0,27,5.4,5,76.0,76,0,0,0,0,1,0,0,0,0,0,0,0,0,0,Herring
162,2018-09-16,13,1.857142857,1,0.14285714300000002,52,7.428571429,7,76.2,76,0,0,0,1,0,1,0,1,0,0,0,0,0,0,Mackerel
163,2018-09-18,35,2.916666667,4,0.333333333,64,5.333333333,12,76.0,76,1,0,0,0,0,0,0,0,0,0,0,0,0,0,Saury
164,2018-09-20,14,1.166666667,7,0.583333333,41,3.416666667,12,76.0,76,0,1,1,0,0,0,1,1,0,0,0,0,0,0,Blue Runner_Squid
165,2018-09-22,12,2.4,0,0.0,19,3.8,5,75.8,76,0,0,0,0,1,0,0,1,0,0,0,0,0,0,Herring
166,2018-09-23,11,1.571428571,5,0.7142857140000001,42,6.0,7,75.6,76,0,0,0,1,0,1,0,0,0,0,0,0,0,0,Mackerel
167,2018-09-25,27,2.25,5,0.41666666700000005,114,9.5,12,75.0,75,1,0,0,0,0,0,1,1,0,0,0,0,0,0,Saury
168,2018-09-27,12,1.0,3,0.25,42,3.5,12,75.0,75,0,0,1,0,0,0,1,1,0,0,1,0,0,0,Squid_Bluefish
169,2018-09-29,10,2.0,0,0.0,19,3.8,5,75.6,76,0,0,0,0,1,0,0,1,0,0,0,0,0,0,Herring
170,2018-09-30,9,1.285714286,3,0.428571429,27,3.857142857,7,75.4,75,0,0,0,1,0,1,0,1,0,0,0,0,0,0,Mackerel
171,2018-10-02,38,3.166666667,9,0.75,91,7.583333333,12,75.0,75,1,0,1,0,0,0,1,1,0,0,0,0,0,0,Saury_Squid
172,2018-10-04,26,2.166666667,2,0.166666667,103,8.583333332999999,12,75.4,75,0,0,1,0,1,0,1,1,0,0,0,0,0,0,Squid_Herring
173,2018-10-06,11,2.2,0,0.0,33,6.6,5,75.8,76,0,0,0,0,1,0,0,0,0,0,0,0,0,0,Herring
174,2018-10-07,12,1.714285714,3,0.428571429,44,6.285714286,7,75.6,76,0,0,0,1,0,1,0,1,0,0,0,0,0,0,Mackerel
175,2018-10-09,22,1.8333333330000001,1,0.083333333,67,5.583333333,12,75.0,75,0,0,0,0,0,1,1,1,0,0,0,0,0,0,
176,2018-10-11,20,1.6666666669999999,1,0.083333333,77,6.416666667,12,75.4,75,0,0,1,0,0,1,1,1,0,0,0,0,0,0,Squid
177,2018-10-13,9,1.8,1,0.2,18,3.6,5,74.4,74,0,0,0,0,1,0,0,1,0,0,0,0,0,0,Herring
178,2018-10-14,12,1.714285714,3,0.428571429,28,4.0,7,74.2,74,0,0,0,1,0,1,0,1,0,0,0,0,0,0,Mackerel
179,2018-10-16,24,2.0,4,0.333333333,84,7.0,12,73.6,74,0,0,0,0,0,0,1,1,1,1,0,0,0,1,Salmon_Bonito_Humbolt Squid
180,2018-10-18,25,2.083333333,1,0.083333333,43,3.583333333,12,73.6,74,0,0,1,0,0,1,1,1,0,0,0,0,0,0,Squid
181,2018-10-20,13,2.6,0,0.0,48,9.6,5,74.2,74,0,0,0,0,1,0,0,0,0,0,0,0,0,0,Herring
182,2018-10-21,20,2.857142857,1,0.14285714300000002,80,11.42857143,7,73.6,74,0,0,0,0,1,1,0,1,0,0,0,0,0,0,Herring
183,2018-10-23,12,1.0,2,0.166666667,53,4.416666667,12,74.8,75,0,0,1,0,0,0,1,1,0,1,0,0,0,0,Squid_Bonito
184,2018-10-25,29,2.416666667,9,0.75,75,6.25,12,74.6,75,0,0,0,0,1,1,1,1,0,0,0,0,0,0,Herring
185,2018-10-27,2,0.4,0,0.0,13,2.6,5,74.4,74,0,0,0,0,0,0,0,1,1,0,0,0,0,0,Salmon
186,2018-10-28,17,2.4285714290000002,0,0.0,54,7.714285714,7,74.8,75,0,0,0,0,0,1,0,1,0,0,0,0,0,0,
187,2018-10-30,29,2.416666667,4,0.333333333,66,5.5,12,74.4,74,1,0,0,0,0,0,1,1,0,0,0,0,0,0,Saury
188,2018-11-01,22,1.8333333330000001,2,0.166666667,83,6.916666667,12,74.2,74,0,0,1,0,0,1,1,1,0,0,0,0,0,0,Squid
189,2018-11-03,1,0.2,0,0.0,12,2.4,5,74.2,74,0,0,0,0,0,1,0,1,0,0,0,0,0,0,
190,2018-11-04,10,1.428571429,2,0.28571428600000004,34,4.8571428569999995,7,73.6,74,1,0,0,0,0,0,0,1,0,0,0,0,0,0,Saury
191,2018-11-06,28,2.333333333,3,0.25,97,8.083333332999999,12,73.6,74,1,0,0,0,0,0,1,1,0,0,0,0,0,0,Saury
192,2018-11-08,12,1.0,10,0.833333333,42,3.5,12,73.6,74,0,0,1,0,0,0,1,1,0,0,1,0,0,0,Squid_Bluefish
193,2018-11-10,12,2.4,0,0.0,43,8.6,5,73.2,73,0,0,0,0,1,0,0,0,0,0,0,0,0,0,Herring
194,2018-11-11,14,2.0,0,0.0,45,6.428571429,7,73.6,74,0,0,0,1,0,1,0,0,0,0,0,0,0,0,Mackerel
195,2018-11-13,31,2.583333333,2,0.166666667,47,3.916666667,12,73.4,73,1,0,0,0,0,0,1,1,0,0,0,0,0,0,Saury
196,2018-11-15,29,2.416666667,7,0.583333333,105,8.75,12,72.8,73,0,1,1,0,0,0,1,1,0,0,0,0,0,0,Blue Runner_Squid
197,2018-11-17,12,2.4,2,0.4,53,10.6,5,73.4,73,0,0,1,0,1,0,0,0,0,0,0,0,0,0,Squid_Herring
198,2018-11-18,25,3.571428571,0,0.0,69,9.857142857000001,7,73.0,73,0,0,0,1,0,1,0,1,0,0,0,0,0,0,Mackerel
199,2018-11-20,31,2.583333333,3,0.25,84,7.0,12,73.0,73,1,0,0,0,0,0,1,1,0,0,0,0,0,0,Saury
200,2018-11-24,14,2.8,0,0.0,42,8.4,5,74.2,74,0,0,1,0,1,0,0,0,0,0,0,0,0,0,Squid_Herring
201,2018-11-25,19,2.714285714,2,0.28571428600000004,77,11.0,7,73.8,74,0,0,0,1,0,1,0,0,0,0,0,0,0,0,Mackerel
202,2018-11-27,29,2.416666667,5,0.41666666700000005,75,6.25,12,74.0,74,1,0,0,0,0,0,1,1,0,0,0,0,0,0,Saury
203,2018-11-29,24,2.0,5,0.41666666700000005,56,4.666666667,12,73.8,74,0,1,1,0,0,0,1,1,0,0,0,0,0,0,Blue Runner_Squid
204,2018-12-01,14,2.8,0,0.0,36,7.2,5,73.6,74,0,0,0,0,1,0,0,0,0,0,0,0,0,0,Herring
205,2018-12-02,26,3.714285714,3,0.428571429,43,6.142857143,7,73.4,73,0,0,0,1,0,1,0,1,0,0,0,0,0,0,Mackerel
206,2018-12-04,29,2.416666667,6,0.5,64,5.333333333,12,73.2,73,1,0,0,0,0,0,0,1,0,0,0,0,0,0,Saury
207,2018-12-06,20,1.6666666669999999,5,0.41666666700000005,64,5.333333333,12,73.6,74,0,1,1,0,0,0,1,1,0,0,0,0,0,0,Blue Runner_Squid
208,2018-12-08,14,2.8,0,0.0,24,4.8,5,73.6,74,0,0,0,0,1,0,0,0,0,0,0,0,0,0,Herring
209,2018-12-09,25,3.571428571,0,0.0,29,4.1428571430000005,7,73.8,74,0,0,0,1,0,1,0,1,0,0,0,0,0,0,Mackerel
210,2018-12-11,29,2.416666667,2,0.166666667,86,7.166666667,12,73.8,74,1,0,0,0,0,0,0,0,0,0,0,0,0,0,Saury
211,2018-12-13,18,1.5,9,0.75,76,6.333333333,12,73.2,73,0,1,1,0,0,0,1,1,0,0,0,0,0,0,Blue Runner_Squid
212,2018-12-15,17,3.4,1,0.2,24,4.8,5,73.6,74,0,0,0,0,1,0,0,0,0,0,0,0,0,0,Herring
213,2018-12-16,25,3.571428571,4,0.571428571,111,15.85714286,7,73.4,73,0,0,0,1,0,1,0,1,0,0,0,0,0,0,Mackerel
214,2018-12-18,28,2.333333333,2,0.166666667,67,5.583333333,12,74.2,74,1,0,0,0,0,0,1,1,0,0,0,0,0,0,Saury
215,2018-12-20,20,1.6666666669999999,10,0.833333333,59,4.916666667,12,73.8,74,0,1,1,0,0,0,1,1,0,0,0,0,0,0,Blue Runner_Squid
216,2018-12-22,12,2.4,0,0.0,23,4.6,5,74.0,74,0,0,0,0,1,0,0,0,0,0,0,0,0,0,Herring
217,2018-12-23,24,3.428571429,1,0.14285714300000002,99,14.14285714,7,73.2,73,0,0,0,1,0,1,0,1,0,0,0,0,0,0,Mackerel
218,2018-12-27,23,1.9166666669999999,3,0.25,73,6.083333333,12,73.4,73,0,1,1,0,0,0,1,1,0,0,0,0,0,0,Blue Runner_Squid
219,2018-12-28,10,2.0,0,0.0,30,6.0,5,73.6,74,0,0,0,0,1,0,0,0,0,0,0,0,0,0,Herring
220,2018-12-30,23,3.285714286,1,0.14285714300000002,113,16.14285714,7,73.8,74,0,0,0,1,0,1,0,1,0,0,0,0,0,0,Mackerel
221,2019-01-01,31,2.583333333,2,0.166666667,49,4.083333333,12,73.4,73,1,0,0,0,0,0,1,1,0,0,0,0,0,0,Saury
222,2019-01-03,27,2.25,6,0.5,76,6.333333333,12,73.6,74,0,1,1,0,0,0,0,1,0,0,0,0,0,0,Blue Runner_Squid
223,2019-01-05,2,0.4,0,0.0,12,2.4,5,73.6,74,0,1,1,0,0,0,0,0,0,0,0,0,0,0,Blue Runner_Squid
224,2019-01-06,25,3.571428571,0,0.0,100,14.28571429,7,74.2,74,0,0,0,1,0,1,0,1,0,0,0,0,0,0,Mackerel
225,2019-01-08,44,3.666666667,2,0.166666667,102,8.5,12,73.6,74,1,0,0,0,0,0,1,0,0,0,0,0,0,0,Saury
226,2019-01-10,22,1.8333333330000001,2,0.166666667,43,3.583333333,12,73.2,73,0,1,0,0,0,0,1,1,0,0,0,0,0,0,Blue Runner
227,2019-01-12,9,1.8,2,0.4,24,4.8,5,73.8,74,0,0,0,0,1,1,0,0,0,0,0,0,0,0,Herring
228,2019-01-13,28,4.0,2,0.28571428600000004,79,11.28571429,7,74.2,74,0,0,0,1,0,1,0,1,0,0,0,0,0,0,Mackerel
229,2019-01-15,30,2.5,2,0.166666667,66,5.5,12,73.4,73,1,0,0,0,0,0,1,1,0,0,0,0,0,0,Saury
230,2019-01-17,23,1.9166666669999999,4,0.333333333,80,6.666666667,12,73.2,73,0,1,1,0,0,0,1,1,0,0,0,0,0,0,Blue Runner_Squid
231,2019-01-19,0,0.0,0,0.0,2,0.4,5,74.6,75,0,1,0,0,0,1,0,0,0,0,0,0,0,0,Blue Runner
232,2019-01-20,26,3.714285714,0,0.0,90,12.85714286,7,73.6,74,0,0,0,1,0,1,0,0,0,0,0,0,0,0,Mackerel
233,2019-01-22,32,2.666666667,1,0.083333333,72,6.0,12,74.0,74,1,0,0,0,0,0,1,1,0,0,0,0,0,0,Saury
234,2019-01-24,32,2.666666667,4,0.333333333,65,5.416666667,12,73.2,73,0,1,1,0,0,0,1,1,0,0,0,0,0,0,Blue Runner_Squid
235,2019-01-26,0,0.0,0,0.0,0,0.0,5,73.4,73,0,0,0,0,0,1,0,0,0,0,0,0,0,0,
236,2019-01-27,28,4.0,1,0.14285714300000002,70,10.0,7,73.4,73,0,0,0,1,0,1,0,1,0,0,0,0,0,0,Mackerel
237,2019-01-29,24,2.0,7,0.583333333,43,3.583333333,12,73.4,73,1,0,0,0,0,0,1,1,0,0,0,0,0,0,Saury
238,2019-01-31,33,2.75,3,0.25,105,8.75,12,73.6,74,0,1,1,0,0,0,1,1,0,0,0,0,0,0,Blue Runner_Squid
239,2019-02-02,2,0.4,1,0.2,3,0.6,5,73.8,74,0,0,0,0,0,1,0,0,0,0,0,1,0,0,Mahi
240,2019-02-03,18,2.5714285709999998,1,0.14285714300000002,48,6.857142857,7,73.8,74,0,0,0,1,0,1,0,1,0,0,0,0,0,0,Mackerel
241,2019-02-05,28,2.333333333,2,0.166666667,63,5.25,12,73.2,73,1,0,0,0,0,0,1,1,0,0,0,0,0,0,Saury
242,2019-02-07,17,1.4166666669999999,7,0.583333333,88,7.333333333,12,73.6,74,0,1,1,0,0,0,1,1,0,1,0,0,0,0,Blue Runner_Squid_Bonito
243,2019-02-09,14,2.8,0,0.0,17,3.4,5,74.0,74,0,0,0,0,1,0,0,0,0,0,0,0,0,0,Herring
244,2019-02-10,17,2.4285714290000002,10,1.428571429,75,10.71428571,7,73.2,73,0,0,0,1,0,1,0,1,0,0,0,0,0,0,Mackerel
245,2019-02-12,22,1.8333333330000001,4,0.333333333,77,6.416666667,12,73.2,73,1,0,0,0,0,0,1,1,0,0,0,0,0,0,Saury
246,2019-02-14,26,2.166666667,4,0.333333333,57,4.75,12,73.6,74,0,1,1,0,0,0,1,1,1,0,0,0,0,0,Blue Runner_Squid_Salmon
247,2019-02-16,10,2.0,0,0.0,21,4.2,5,73.8,74,0,0,0,0,1,0,0,0,0,0,0,0,0,0,Herring
248,2019-02-17,11,1.571428571,10,1.428571429,62,8.857142857000001,7,73.2,73,0,0,0,1,0,1,0,0,0,0,0,0,0,0,Mackerel
249,2019-02-19,29,2.416666667,2,0.166666667,78,6.5,12,73.8,74,1,0,0,0,0,0,1,1,0,0,0,0,0,0,Saury
250,2019-02-21,28,2.333333333,4,0.333333333,49,4.083333333,12,72.8,73,0,1,1,0,0,0,1,1,0,0,0,0,0,0,Blue Runner_Squid
251,2019-02-23,11,2.2,0,0.0,17,3.4,5,74.0,74,0,0,0,0,1,0,0,0,0,0,0,0,0,0,Herring
252,2019-02-24,17,2.4285714290000002,3,0.428571429,68,9.714285713999999,7,73.0,73,0,0,0,1,0,1,0,1,0,0,0,0,0,0,Mackerel
253,2019-02-26,30,2.5,3,0.25,116,9.666666667000001,12,73.2,73,1,0,0,0,0,0,1,1,0,0,0,0,0,0,Saury
254,2019-02-28,18,1.5,11,0.916666667,66,5.5,12,73.8,74,0,0,0,1,0,0,1,1,0,0,0,1,0,0,Mackerel_Mahi
255,2019-03-02,6,1.2,1,0.2,7,1.4,5,73.6,74,0,0,0,0,1,0,0,0,0,0,0,0,0,0,Herring
256,2019-03-03,12,1.714285714,7,1.0,77,11.0,7,73.8,74,0,0,0,1,0,1,0,1,0,0,0,0,0,0,Mackerel
257,2019-03-05,27,2.25,2,0.166666667,59,4.916666667,12,73.4,73,1,0,0,0,0,0,0,1,0,0,0,0,0,0,Saury
258,2019-03-07,21,1.75,4,0.333333333,77,6.416666667,12,74.0,74,0,1,1,0,0,0,1,1,0,0,0,0,0,0,Blue Runner_Squid
259,2019-03-09,13,2.6,0,0.0,25,5.0,5,73.8,74,0,0,0,0,1,0,0,0,0,0,0,0,0,0,Herring
260,2019-03-10,19,2.714285714,3,0.428571429,80,11.42857143,7,73.8,74,0,0,0,1,0,1,0,1,0,0,0,0,0,0,Mackerel
261,2019-03-12,27,2.25,1,0.083333333,104,8.666666667000001,12,73.4,73,1,0,0,0,0,0,1,1,0,0,0,0,0,0,Saury
262,2019-03-14,36,3.0,5,0.41666666700000005,91,7.583333333,12,73.4,73,0,1,1,0,0,0,1,1,1,0,0,0,0,0,Blue Runner_Squid_Salmon
263,2019-03-16,9,1.285714286,2,0.28571428600000004,33,4.714285714,7,73.6,74,0,0,0,0,1,0,0,0,0,0,0,0,0,0,Herring
264,2019-03-17,21,3.0,5,0.7142857140000001,59,8.428571429,7,74.2,74,0,0,0,0,0,1,0,1,0,0,0,0,0,0,
265,2019-03-19,27,2.25,2,0.166666667,94,7.833333333,12,73.8,74,1,0,0,0,0,0,1,1,0,0,0,0,0,0,Saury
266,2019-03-21,20,1.6666666669999999,16,1.333333333,90,7.5,12,73.4,73,0,1,0,0,0,0,0,1,0,0,0,0,0,0,Blue Runner
267,2019-03-23,14,2.8,2,0.4,44,8.8,5,73.6,74,0,0,0,0,1,0,0,0,0,0,0,0,0,0,Herring
268,2019-03-24,21,3.0,4,0.571428571,58,8.285714286000001,7,73.4,73,0,0,0,1,0,1,0,1,0,0,0,0,0,0,Mackerel
269,2019-03-26,19,1.5833333330000001,3,0.25,62,5.166666667,12,74.2,74,1,0,0,0,0,0,1,1,0,0,0,0,0,0,Saury
270,2019-03-28,30,2.5,9,0.75,70,5.833333333,12,73.6,74,0,1,1,0,0,0,1,1,0,0,0,1,0,0,Blue Runner_Squid_Mahi
271,2019-03-30,13,2.6,1,0.2,22,4.4,5,73.8,74,0,0,0,0,1,0,0,0,0,0,0,0,0,0,Herring
272,2019-03-31,20,2.857142857,5,0.7142857140000001,94,13.42857143,7,73.0,73,1,0,0,0,0,0,0,1,0,0,0,0,0,0,Saury
273,2019-04-02,17,1.4166666669999999,2,0.166666667,47,3.916666667,12,73.4,73,1,0,0,0,0,0,1,1,0,0,0,0,0,0,Saury
274,2019-04-04,33,2.75,7,0.583333333,51,4.25,12,73.6,74,0,1,1,0,0,0,1,1,1,0,0,0,0,0,Blue Runner_Squid_Salmon
275,2019-04-06,13,2.6,1,0.2,48,9.6,5,73.8,74,0,0,0,0,1,0,0,0,0,0,0,0,0,0,Herring
276,2019-04-07,23,3.285714286,7,1.0,85,12.14285714,7,73.8,74,0,0,0,1,0,1,0,0,0,0,0,0,0,0,Mackerel
277,2019-04-09,19,1.5833333330000001,3,0.25,57,4.75,12,74.4,74,1,0,0,0,0,0,1,1,0,0,0,0,0,0,Saury
278,2019-04-11,25,2.083333333,4,0.333333333,72,6.0,12,74.6,75,0,1,1,0,0,0,1,1,0,0,0,0,0,0,Blue Runner_Squid
279,2019-04-13,17,3.4,3,0.6,33,6.6,5,73.8,74,0,0,0,0,1,0,0,0,0,0,0,0,0,0,Herring
280,2019-04-14,25,3.571428571,3,0.428571429,70,10.0,7,73.6,74,0,0,0,1,0,1,0,1,0,0,0,0,0,0,Mackerel
281,2019-04-16,22,1.8333333330000001,4,0.333333333,57,4.75,12,73.6,74,1,0,0,0,0,0,0,1,0,0,0,0,0,0,Saury
282,2019-04-18,28,2.333333333,3,0.25,72,6.0,12,73.4,73,0,1,1,0,0,0,1,1,0,0,0,0,0,0,Blue Runner_Squid
283,2018-04-20,16,3.2,1,0.2,11,2.2,5,73.8,74,0,0,0,0,1,0,0,0,0,0,0,0,0,0,Herring
284,2019-04-21,24,3.428571429,2,0.28571428600000004,62,8.857142857000001,7,73.8,74,0,0,0,1,0,1,0,1,0,0,0,0,0,0,Mackerel
285,2019-04-23,26,2.166666667,1,0.083333333,66,5.5,12,74.2,74,1,0,0,0,0,0,1,1,0,0,0,0,0,0,Saury
286,2019-04-25,36,3.0,2,0.166666667,58,4.833333333,12,74.2,74,0,1,0,0,0,0,0,1,0,0,0,0,0,0,Blue Runner
287,2019-04-27,9,1.8,1,0.2,2,0.4,5,73.8,74,0,0,0,0,0,0,0,0,0,0,0,0,0,0,
288,2019-04-28,23,3.285714286,3,0.428571429,70,10.0,7,74.0,74,0,0,0,1,0,1,0,1,0,0,0,0,0,0,Mackerel
289,2019-04-30,30,2.5,3,0.25,52,4.333333333,12,73.6,74,1,0,0,0,0,0,1,1,0,0,0,0,0,0,Saury
290,2019-05-02,30,2.5,7,0.583333333,56,4.666666667,12,74.0,74,0,1,1,0,0,0,1,1,0,0,0,0,0,0,Blue Runner_Squid
291,2019-05-04,10,2.0,2,0.4,32,6.4,5,73.0,73,0,0,0,0,1,0,0,0,0,0,0,0,0,0,Herring
292,2019-05-05,16,2.285714286,12,1.714285714,40,5.714285714,7,74.2,74,0,0,0,1,0,1,0,1,0,0,0,0,0,0,Mackerel
293,2019-05-07,28,2.333333333,0,0.0,66,5.5,12,74.0,74,1,0,0,0,0,0,0,1,0,0,0,0,0,0,Saury
294,2019-05-08,44,3.666666667,6,0.5,86,7.166666667,12,73.8,74,0,1,1,0,0,0,1,1,0,0,0,0,0,0,Blue Runner_Squid
295,2019-05-11,13,2.6,1,0.2,22,4.4,5,73.4,73,0,0,0,0,1,0,0,0,0,0,0,0,0,0,Herring
296,2019-05-12,9,1.285714286,7,1.0,51,7.285714286,7,74.2,74,0,0,0,1,0,0,0,1,0,0,0,0,0,0,Mackerel
297,2019-05-14,20,1.6666666669999999,1,0.083333333,59,4.916666667,12,74.0,74,1,0,0,0,0,0,0,0,0,0,0,0,0,0,Saury
298,2019-05-16,38,3.166666667,4,0.333333333,57,4.75,12,74.2,74,0,1,1,0,0,0,1,1,0,0,0,0,0,0,Blue Runner_Squid
299,2019-05-18,10,2.0,1,0.2,23,4.6,5,74.4,74,0,0,0,0,1,0,0,0,0,0,0,0,0,0,Herring
300,2019-05-19,34,4.8571428569999995,9,1.285714286,110,15.71428571,7,73.6,74,0,0,0,1,0,1,0,1,0,0,0,0,0,0,Mackerel
301,2019-05-21,19,1.5833333330000001,5,0.41666666700000005,46,3.833333333,12,73.8,74,1,0,0,0,0,0,1,1,0,0,0,0,0,0,Saury
302,2019-05-23,28,2.333333333,8,0.666666667,84,7.0,12,73.6,74,0,1,1,0,0,0,1,1,0,0,0,0,0,0,Blue Runner_Squid
303,2019-05-25,12,2.4,0,0.0,24,4.8,5,73.8,74,0,0,0,1,0,0,0,1,0,0,0,0,0,0,Mackerel
304,2019-05-26,3,0.428571429,5,0.7142857140000001,55,7.857142857,7,73.8,74,0,0,0,1,0,1,0,1,0,0,0,0,0,0,Mackerel
305,2019-05-28,21,1.75,0,0.0,39,3.25,12,73.6,74,1,0,0,0,0,0,1,1,0,0,0,0,0,0,Saury
306,2019-05-30,19,1.5833333330000001,6,0.5,63,5.25,12,74.2,74,0,1,1,0,0,0,1,1,1,0,0,0,0,0,Blue Runner_Squid_Salmon
307,2019-06-01,12,2.4,3,0.6,31,6.2,5,74.6,75,0,0,0,0,1,0,0,0,0,0,0,0,0,0,Herring
308,2019-06-02,19,2.714285714,3,0.428571429,73,10.42857143,7,74.6,75,0,0,0,1,0,1,0,1,0,0,0,0,0,0,Mackerel
309,2019-06-04,24,2.0,4,0.333333333,89,7.416666667,12,74.8,75,1,0,0,0,0,0,1,1,0,0,0,0,0,0,Saury
310,2019-06-06,33,2.75,4,0.333333333,61,5.083333333,12,74.4,74,0,1,1,0,0,0,1,1,0,0,0,0,0,0,Blue Runner_Squid
311,2019-06-08,10,2.0,1,0.2,16,3.2,5,74.4,74,0,0,0,0,1,0,0,0,0,0,0,0,0,0,Herring
312,2019-06-09,18,2.5714285709999998,4,0.571428571,98,14.0,7,74.2,74,0,0,0,1,0,1,0,0,0,0,0,0,0,0,Mackerel
313,2019-06-09,18,2.5714285709999998,4,0.571428571,98,14.0,7,75.8,76,1,0,0,0,0,0,1,1,0,0,0,0,0,0,Saury
314,2019-06-09,18,2.5714285709999998,4,0.571428571,57,4.75,7,74.2,74,0,0,0,1,0,1,0,0,0,0,0,0,0,0,Mackerel
315,2019-06-09,18,2.5714285709999998,4,0.571428571,57,4.75,7,75.8,76,1,0,0,0,0,0,1,1,0,0,0,0,0,0,Saury
316,2019-06-09,18,2.5714285709999998,0,0.0,98,14.0,7,74.2,74,0,0,0,1,0,1,0,0,0,0,0,0,0,0,Mackerel
317,2019-06-09,18,2.5714285709999998,0,0.0,98,14.0,7,75.8,76,1,0,0,0,0,0,1,1,0,0,0,0,0,0,Saury
318,2019-06-09,18,2.5714285709999998,0,0.0,57,4.75,7,74.2,74,0,0,0,1,0,1,0,0,0,0,0,0,0,0,Mackerel
319,2019-06-09,18,2.5714285709999998,0,0.0,57,4.75,7,75.8,76,1,0,0,0,0,0,1,1,0,0,0,0,0,0,Saury
320,2019-06-09,37,3.083333333,4,0.571428571,98,14.0,12,74.2,74,0,0,0,1,0,1,0,0,0,0,0,0,0,0,Mackerel
321,2019-06-09,37,3.083333333,4,0.571428571,98,14.0,12,75.8,76,1,0,0,0,0,0,1,1,0,0,0,0,0,0,Saury
322,2019-06-09,37,3.083333333,4,0.571428571,57,4.75,12,74.2,74,0,0,0,1,0,1,0,0,0,0,0,0,0,0,Mackerel
323,2019-06-09,37,3.083333333,4,0.571428571,57,4.75,12,75.8,76,1,0,0,0,0,0,1,1,0,0,0,0,0,0,Saury
324,2019-06-09,37,3.083333333,0,0.0,98,14.0,12,74.2,74,0,0,0,1,0,1,0,0,0,0,0,0,0,0,Mackerel
325,2019-06-09,37,3.083333333,0,0.0,98,14.0,12,75.8,76,1,0,0,0,0,0,1,1,0,0,0,0,0,0,Saury
326,2019-06-09,37,3.083333333,0,0.0,57,4.75,12,74.2,74,0,0,0,1,0,1,0,0,0,0,0,0,0,0,Mackerel
327,2019-06-09,37,3.083333333,0,0.0,57,4.75,12,75.8,76,1,0,0,0,0,0,1,1,0,0,0,0,0,0,Saury
328,2019-06-11,31,2.583333333,2,0.166666667,52,4.333333333,12,74.6,75,1,0,0,0,0,0,1,1,0,0,0,0,0,0,Saury
329,2019-06-13,25,2.083333333,6,0.5,50,4.166666667,12,74.6,75,0,1,1,0,0,0,1,1,0,0,0,1,0,0,Blue Runner_Squid_Mahi
330,2019-06-15,12,2.4,2,0.4,23,4.6,5,75.6,76,0,0,0,0,1,0,0,0,0,0,0,0,0,0,Herring
331,2019-06-16,31,4.428571429,4,0.571428571,117,16.71428571,7,75.0,75,0,0,0,1,0,1,0,0,0,0,0,0,0,0,Mackerel
332,2019-06-18,27,2.25,5,0.41666666700000005,73,6.083333333,12,75.6,76,1,0,0,0,0,0,1,1,0,0,0,0,0,0,Saury
333,2019-06-20,24,2.0,9,0.75,92,7.666666667,12,75.2,75,0,1,1,0,0,0,1,1,0,0,0,0,0,0,Blue Runner_Squid
334,2019-06-22,14,2.8,1,0.2,28,5.6,5,74.8,75,0,0,0,0,1,0,0,0,0,0,0,0,0,0,Herring
335,2019-06-23,40,5.714285714,5,0.7142857140000001,119,17.0,7,74.2,74,0,0,0,1,0,1,0,0,0,0,0,0,0,0,Mackerel
336,2019-06-25,27,2.25,1,0.083333333,79,6.583333333,12,74.8,75,1,0,0,0,0,0,1,1,0,0,0,0,0,0,Saury
337,2019-06-27,41,3.416666667,1,0.083333333,69,5.75,12,74.8,75,0,1,1,0,0,0,1,1,0,0,0,0,0,0,Blue Runner_Squid
338,2019-06-29,14,2.8,0,0.0,29,5.8,5,75.2,75,0,0,0,0,1,0,0,0,0,0,0,0,0,0,Herring
339,2019-06-30,29,4.1428571430000005,3,0.428571429,99,14.14285714,7,75.2,75,0,0,0,1,0,1,0,1,0,0,0,0,0,0,Mackerel
340,2019-07-02,28,2.333333333,2,0.166666667,84,7.0,12,76.2,76,1,0,0,0,0,0,1,1,0,0,0,0,0,0,Saury
341,2019-07-04,40,3.333333333,5,0.41666666700000005,98,8.166666667000001,12,75.0,75,0,1,1,0,0,0,1,1,0,0,0,0,0,0,Blue Runner_Squid
342,2019-07-06,11,2.2,2,0.4,20,4.0,5,75.4,75,0,0,0,0,1,0,0,0,0,0,0,0,0,0,Herring
343,2019-06-07,17,2.4285714290000002,12,1.714285714,62,8.857142857000001,7,75.4,75,0,0,0,1,0,1,1,0,0,0,0,0,0,0,Mackerel
344,2019-07-11,29,2.416666667,7,0.583333333,95,7.916666667,12,74.2,74,1,1,0,0,0,0,1,1,1,0,0,0,0,0,Saury_Blue Runner_Salmon
345,2019-07-13,12,2.4,0,0.0,25,5.0,5,74.6,75,0,0,0,0,1,0,0,0,0,0,0,0,0,0,Herring
346,2019-07-14,28,4.0,8,1.142857143,123,17.57142857,7,76.0,76,0,0,0,1,0,1,0,1,0,0,0,0,0,0,Mackerel
347,2019-07-16,27,2.25,2,0.166666667,58,4.833333333,12,75.8,76,1,0,0,0,0,0,1,1,0,0,0,0,0,0,Saury
348,2019-07-18,45,3.75,3,0.25,103,8.583333332999999,12,76.0,76,0,1,1,0,0,0,1,1,0,0,0,0,0,0,Blue Runner_Squid
349,2019-07-20,13,2.6,1,0.2,17,3.4,5,75.6,76,0,0,0,0,1,0,0,0,0,0,0,0,0,0,Herring
350,2019-07-21,50,7.142857143,4,0.571428571,162,23.14285714,7,76.0,76,0,0,0,0,0,1,1,1,0,0,0,0,0,0,
351,2019-07-23,20,1.6666666669999999,9,0.75,107,8.916666667000001,12,75.8,76,1,0,0,0,0,0,0,0,0,0,0,0,0,0,Saury
352,2019-07-25,29,2.416666667,8,0.666666667,110,9.166666667000001,12,76.0,76,0,1,1,0,0,0,0,0,0,0,0,0,0,0,Blue Runner_Squid
353,2019-07-27,14,2.8,3,0.6,29,5.8,5,76.6,77,0,0,0,0,1,0,0,0,0,0,0,0,0,0,Herring
354,2019-07-28,32,4.571428571,11,1.571428571,155,22.14285714,7,76.2,76,0,0,0,0,1,1,0,1,0,0,0,0,0,0,Herring
355,2019-07-30,24,2.0,3,0.25,67,5.583333333,12,76.6,77,1,0,0,0,0,0,1,1,0,0,0,0,0,0,Saury
356,2019-08-01,34,2.833333333,7,0.583333333,78,6.5,12,76.6,77,0,1,1,0,0,0,0,1,0,0,0,0,0,0,Blue Runner_Squid
357,2019-08-03,13,2.6,0,0.0,11,2.2,5,76.8,77,0,0,0,0,1,0,0,0,0,0,0,0,0,0,Herring
358,2019-08-04,32,4.571428571,5,0.7142857140000001,82,11.71428571,7,77.8,78,0,0,0,0,1,1,0,1,0,0,0,0,0,0,Herring
359,2019-08-06,29,2.416666667,3,0.25,55,4.583333333,12,76.8,77,1,0,0,0,0,0,1,1,0,0,0,0,0,0,Saury
360,2019-08-08,32,2.666666667,5,0.41666666700000005,127,10.58333333,12,77.0,77,0,1,0,0,0,0,0,1,1,0,0,0,0,0,Blue Runner_Salmon
361,2019-08-10,15,3.0,0,0.0,20,4.0,5,77.2,77,0,0,1,0,1,0,0,0,0,0,0,0,0,0,Squid_Herring
362,2019-08-11,33,4.714285714,8,1.142857143,124,17.71428571,7,77.4,77,0,0,0,0,1,1,0,1,0,0,0,0,0,0,Herring
363,2019-08-13,28,2.333333333,3,0.25,60,5.0,12,76.6,77,1,0,0,0,0,0,1,1,0,0,0,0,0,0,Saury
364,2019-08-15,29,2.416666667,7,0.583333333,115,9.583333332999999,12,76.2,76,0,1,1,0,0,0,1,1,0,0,0,1,0,0,Blue Runner_Squid_Mahi
365,2019-08-17,12,2.4,2,0.4,32,6.4,5,76.6,77,0,0,0,0,1,0,0,0,0,0,0,0,0,0,Herring
366,2019-08-18,29,4.1428571430000005,5,0.7142857140000001,82,11.71428571,7,76.2,76,0,0,0,1,0,0,0,0,0,0,0,0,0,0,Mackerel
367,2019-08-20,24,2.0,1,0.083333333,60,5.0,12,76.2,76,1,0,0,0,0,0,1,1,1,0,0,0,0,0,Saury_Salmon
368,2019-08-22,25,2.083333333,9,0.75,87,7.25,12,75.8,76,0,1,1,0,0,0,0,0,0,0,0,0,0,0,Blue Runner_Squid
369,2019-08-24,9,1.8,1,0.2,7,1.4,5,76.0,76,0,0,0,0,1,0,0,0,0,0,0,0,0,0,Herring
370,2019-08-25,36,5.1428571430000005,2,0.28571428600000004,77,11.0,7,76.4,76,0,0,0,1,0,1,0,1,0,0,0,0,0,0,Mackerel
371,2019-08-27,36,3.0,1,0.083333333,48,4.0,12,75.4,75,1,0,0,0,0,0,0,1,1,0,0,0,0,0,Saury_Salmon
372,2019-08-29,22,1.8333333330000001,7,0.583333333,69,5.75,12,76.2,76,0,1,1,0,0,0,1,1,0,0,0,0,0,0,Blue Runner_Squid
373,2019-08-31,13,2.6,0,0.0,9,1.8,5,76.2,76,0,0,0,0,1,0,0,0,0,0,0,0,0,0,Herring
374,2019-09-01,32,4.571428571,6,0.857142857,71,10.14285714,7,75.0,75,0,0,0,1,0,1,0,0,0,0,0,0,0,0,Mackerel
375,2019-09-03,42,3.5,2,0.166666667,73,6.083333333,12,75.4,75,1,0,0,0,0,0,1,1,1,0,0,0,0,0,Saury_Salmon
376,2019-09-05,21,1.75,3,0.25,85,7.083333333,12,75.8,76,0,1,1,0,0,0,0,0,0,1,0,0,0,0,Blue Runner_Squid_Bonito
377,2019-09-07,10,2.0,0,0.0,24,4.8,5,75.8,76,0,0,0,0,1,0,0,1,0,0,0,0,0,0,Herring
378,2019-09-08,25,3.571428571,4,0.571428571,56,8.0,7,77.0,77,0,0,0,1,0,1,0,1,0,0,0,0,0,0,Mackerel
379,2019-09-10,33,2.75,2,0.166666667,61,5.083333333,12,75.6,76,1,0,0,0,0,0,0,0,1,0,0,0,0,0,Saury_Salmon
380,2019-09-12,30,2.5,3,0.25,88,7.333333333,12,75.6,76,0,1,1,0,0,0,1,1,0,0,0,1,0,0,Blue Runner_Squid_Mahi
381,2019-09-14,10,2.0,1,0.2,10,2.0,5,75.6,76,0,0,0,0,1,0,0,1,0,0,0,0,0,0,Herring
382,2019-09-15,26,3.714285714,3,0.428571429,50,7.142857143,7,75.4,75,0,0,0,1,0,1,0,1,0,0,0,0,0,0,Mackerel
383,2019-09-17,28,2.333333333,0,0.0,69,5.75,12,75.2,75,1,0,0,0,0,0,1,1,1,0,0,0,0,0,Saury_Salmon
384,2019-09-18,40,3.333333333,7,0.583333333,108,9.0,12,75.0,75,0,1,1,0,0,0,1,1,0,0,0,0,0,0,Blue Runner_Squid
385,2019-09-21,11,2.2,2,0.4,33,6.6,5,75.0,75,0,0,0,0,1,0,0,1,0,0,0,0,0,0,Herring
386,2019-09-22,14,2.0,7,1.0,66,9.428571429,7,74.4,74,0,0,0,1,0,1,0,0,0,0,0,0,0,0,Mackerel
387,2019-09-24,32,2.666666667,1,0.083333333,85,7.083333333,12,74.6,75,1,0,0,0,0,0,0,1,1,0,0,0,0,0,Saury_Salmon
388,2019-09-26,37,3.083333333,7,0.583333333,72,6.0,12,74.4,74,0,1,1,0,0,0,1,1,0,0,0,0,0,0,Blue Runner_Squid
389,2019-09-28,15,3.0,0,0.0,23,4.6,5,74.6,75,0,0,0,0,1,0,0,0,0,0,0,0,0,0,Herring
390,2019-09-29,38,5.428571429,0,0.0,105,15.0,7,74.4,74,0,0,0,1,0,1,0,1,0,0,0,0,0,0,Mackerel
391,2019-10-01,21,1.75,6,0.5,60,5.0,12,73.8,74,1,0,0,0,0,0,1,1,1,0,0,0,0,0,Saury_Salmon
392,2019-10-03,27,2.25,11,0.916666667,47,3.916666667,12,73.4,73,0,1,1,0,0,0,1,1,0,0,0,0,0,0,Blue Runner_Squid
393,2019-10-05,6,1.2,0,0.0,10,2.0,5,73.8,74,0,0,0,0,1,0,0,0,0,0,0,0,0,0,Herring
394,2019-10-06,28,4.0,5,0.7142857140000001,89,12.71428571,7,73.6,74,0,0,0,1,0,1,0,1,0,0,0,0,0,0,Mackerel
395,2019-10-08,28,2.333333333,2,0.166666667,45,3.75,12,73.2,73,1,0,0,0,0,0,1,1,1,0,0,0,0,0,Saury_Salmon
396,2019-10-10,39,3.25,3,0.25,100,8.333333332999999,12,73.0,73,0,1,1,0,0,0,1,1,0,0,0,0,0,0,Blue Runner_Squid
397,2019-10-12,12,2.4,1,0.2,30,6.0,5,73.4,73,0,0,0,0,1,0,0,0,0,0,0,0,0,0,Herring
398,2019-10-13,26,3.714285714,6,0.857142857,53,7.571428571,7,73.0,73,0,0,0,1,0,1,0,1,0,0,0,0,0,0,Mackerel
399,2019-10-15,23,1.9166666669999999,4,0.333333333,23,1.9166666669999999,12,77.2,77,1,0,0,0,0,0,1,1,1,0,0,0,0,0,Saury_Salmon
400,2019-10-17,30,2.5,5,0.41666666700000005,116,9.666666667000001,12,72.0,72,0,1,1,0,0,0,1,1,0,0,0,0,0,0,Blue Runner_Squid
401,2019-10-19,11,2.2,2,0.4,11,2.2,5,73.0,73,0,0,0,0,1,0,0,0,0,0,0,0,0,0,Herring
402,2019-10-20,21,3.0,6,0.857142857,66,9.428571429,7,72.8,73,0,0,0,1,0,1,0,1,0,0,0,0,0,0,Mackerel
403,2019-10-22,29,2.416666667,2,0.166666667,77,6.416666667,12,73.0,73,1,0,0,0,0,0,1,1,1,0,0,0,0,0,Saury_Salmon
404,2019-10-24,29,2.416666667,6,0.5,140,11.66666667,12,73.4,73,0,1,1,0,0,0,1,1,0,0,0,0,0,0,Blue Runner_Squid
405,2019-10-26,11,2.2,0,0.0,35,7.0,5,72.8,73,0,0,0,0,1,0,0,0,0,0,0,0,0,0,Herring
406,2019-10-28,15,2.142857143,3,0.428571429,36,5.1428571430000005,7,73.0,73,0,0,0,1,0,1,0,1,0,0,0,0,0,0,Mackerel
407,2019-10-29,29,2.416666667,2,0.166666667,48,4.0,12,73.0,73,1,0,0,0,0,0,1,1,1,0,0,0,0,0,Saury_Salmon
408,2019-10-31,18,1.5,5,0.41666666700000005,61,5.083333333,12,72.4,72,0,1,1,0,0,0,1,1,0,0,0,0,0,0,Blue Runner_Squid
409,2019-11-02,12,2.4,0,0.0,24,4.8,5,72.8,73,0,0,0,0,1,0,0,0,0,0,0,0,0,0,Herring
410,2019-11-03,13,1.857142857,4,0.571428571,46,6.571428571,7,73.0,73,0,0,0,1,0,1,0,1,0,0,0,0,0,0,Mackerel
411,2019-11-05,23,1.9166666669999999,2,0.166666667,36,3.0,12,73.2,73,1,0,0,0,0,0,1,1,1,0,0,0,0,0,Saury_Salmon
412,2019-11-07,27,2.25,8,0.666666667,51,4.25,12,72.6,73,0,1,1,0,0,0,0,1,0,0,0,0,0,0,Blue Runner_Squid
413,2019-11-09,12,2.4,0,0.0,24,4.8,5,72.8,73,0,0,0,0,1,0,0,0,0,0,0,0,0,0,Herring
414,2019-11-10,13,1.857142857,3,0.428571429,70,10.0,7,72.8,73,0,0,0,1,0,1,0,0,0,0,0,0,0,0,Mackerel
415,2019-11-12,36,3.0,4,0.333333333,99,8.25,12,73.4,73,1,0,0,0,0,0,0,0,1,0,0,0,0,0,Saury_Salmon
416,2019-11-14,28,2.333333333,6,0.5,98,8.166666667000001,12,73.0,73,0,1,1,0,0,0,1,1,0,0,0,0,0,0,Blue Runner_Squid
417,2019-11-16,5,1.0,5,1.0,9,1.8,5,73.0,73,0,0,0,0,1,0,0,0,0,0,0,0,0,0,Herring
418,2019-11-17,21,3.0,3,0.428571429,169,24.14285714,7,72.8,73,0,0,0,1,0,1,0,1,0,0,0,0,0,0,Mackerel
419,2019-11-19,18,1.5,9,0.75,45,3.75,12,73.6,74,1,0,0,0,0,0,1,1,1,0,0,0,0,0,Saury_Salmon
420,2019-11-21,32,2.666666667,11,0.916666667,69,5.75,12,73.6,74,0,1,1,0,0,0,0,0,0,0,1,1,0,0,Blue Runner_Squid_Bluefish_Mahi
421,2019-11-23,11,2.2,1,0.2,14,2.8,5,73.8,74,0,0,0,0,1,0,0,0,0,0,0,0,0,0,Herring
422,2019-11-24,19,2.714285714,4,0.571428571,70,10.0,7,73.4,73,0,0,0,1,0,1,0,1,0,0,0,0,0,0,Mackerel
423,2019-11-26,22,1.8333333330000001,4,0.333333333,65,5.416666667,12,73.6,74,1,0,0,0,0,0,1,1,1,0,0,0,0,0,Saury_Salmon
424,2019-11-30,13,2.6,0,0.0,36,7.2,5,72.6,73,0,0,0,0,1,0,0,0,0,0,0,0,0,0,Herring
425,2019-12-01,16,2.285714286,9,1.285714286,53,7.571428571,7,72.8,73,0,0,0,1,0,1,0,1,0,0,0,0,0,0,Mackerel
426,2019-12-03,21,1.75,1,0.083333333,45,3.75,12,73.2,73,1,0,0,0,0,0,1,1,1,0,0,0,0,0,Saury_Salmon
427,2019-12-05,35,2.916666667,4,0.333333333,108,9.0,12,73.8,74,0,1,1,0,0,0,1,1,0,0,0,0,0,0,Blue Runner_Squid
428,2019-12-07,13,2.6,0,0.0,26,5.2,5,73.4,73,0,0,0,0,1,0,0,0,0,0,0,0,0,0,Herring
429,2019-12-08,12,1.714285714,2,0.28571428600000004,58,8.285714286000001,7,73.8,74,0,0,0,1,0,1,0,1,0,0,0,0,0,0,Mackerel
430,2019-12-10,19,1.5833333330000001,7,0.583333333,39,3.25,12,74.0,74,1,0,0,0,0,0,1,1,1,0,0,0,0,0,Saury_Salmon
431,2019-12-12,35,2.916666667,5,0.41666666700000005,58,4.833333333,12,74.2,74,0,1,1,0,0,0,1,1,0,0,0,0,0,0,Blue Runner_Squid
432,2019-12-15,2,0.4,6,1.2,18,3.6,5,74.2,74,0,0,0,1,0,1,0,0,0,0,0,0,0,0,Mackerel
433,2019-12-16,18,2.5714285709999998,4,0.571428571,27,3.857142857,7,74.0,74,0,0,0,1,0,1,0,1,0,0,0,0,0,0,Mackerel
434,2019-12-17,30,2.5,3,0.25,43,3.583333333,12,73.8,74,1,0,0,0,0,0,1,1,1,0,0,0,0,0,Saury_Salmon
435,2019-12-19,32,2.666666667,6,0.5,64,5.333333333,12,73.6,74,0,1,0,0,0,0,0,0,0,0,0,0,0,0,Blue Runner
436,2019-12-21,15,3.0,0,0.0,23,4.6,5,73.0,73,0,0,0,0,1,0,0,0,0,0,0,0,0,0,Herring
437,2019-12-22,30,4.285714286,3,0.428571429,68,9.714285713999999,7,73.6,74,0,0,0,1,0,1,0,1,0,0,0,0,0,0,Mackerel
438,2019-12-24,24,2.0,7,0.583333333,44,3.666666667,12,73.4,73,1,0,0,0,0,0,1,1,1,0,0,0,0,0,Saury_Salmon
439,2019-12-26,20,1.6666666669999999,8,0.666666667,60,5.0,12,73.6,74,0,1,1,0,0,0,0,0,0,0,0,0,0,0,Blue Runner_Squid
440,2019-12-28,11,2.2,3,0.6,16,3.2,5,73.0,73,0,0,0,0,1,0,0,0,0,0,0,0,0,0,Herring
441,2019-12-29,22,3.142857143,2,0.28571428600000004,69,9.857142857000001,7,73.6,74,0,0,0,1,0,1,0,1,0,0,0,0,0,0,Mackerel
442,2019-12-31,23,1.9166666669999999,6,0.5,41,3.416666667,12,73.4,73,1,0,0,0,0,0,1,1,1,0,0,0,0,0,Saury_Salmon
443,2020-01-02,26,2.166666667,5,0.41666666700000005,65,5.416666667,12,73.4,73,0,1,1,0,0,0,1,1,0,1,0,0,0,0,Blue Runner_Squid_Bonito
444,2020-01-04,16,3.2,0,0.0,42,8.4,5,73.2,73,0,0,0,0,1,0,0,0,0,0,0,0,0,0,Herring
445,2020-01-06,20,2.857142857,4,0.571428571,47,6.714285714,7,73.8,74,0,0,0,1,0,1,0,1,0,0,0,0,0,0,Mackerel
446,2020-01-07,22,1.8333333330000001,3,0.25,41,3.416666667,12,73.8,74,1,0,0,0,0,0,1,1,1,0,0,0,0,0,Saury_Salmon
447,2020-01-09,19,1.5833333330000001,14,1.166666667,66,5.5,12,73.6,74,0,1,0,0,0,0,1,1,0,0,1,0,0,0,Blue Runner_Bluefish
448,2020-01-11,9,1.8,3,0.6,18,3.6,5,73.0,73,0,0,0,0,1,0,0,0,0,0,0,0,0,0,Herring
449,2020-01-12,16,2.285714286,8,1.142857143,44,6.285714286,7,73.6,74,0,0,0,1,0,1,0,1,0,0,0,0,0,0,Mackerel
450,2020-01-14,26,2.166666667,4,0.333333333,66,5.5,12,73.4,73,1,0,0,0,0,0,1,1,1,0,0,0,0,0,Saury_Salmon
451,2020-01-16,26,2.166666667,4,0.333333333,79,6.583333333,12,72.6,73,0,1,1,0,0,0,1,1,0,0,0,0,0,0,Blue Runner_Squid
452,2020-01-18,10,2.0,1,0.2,16,3.2,5,73.0,73,0,0,0,0,1,0,0,0,0,0,0,0,0,0,Herring
453,2020-01-19,24,3.428571429,2,0.28571428600000004,91,13.0,7,73.2,73,1,0,0,1,0,0,0,0,0,0,0,0,0,0,Saury_Mackerel
454,2020-01-21,20,1.6666666669999999,1,0.083333333,31,2.583333333,12,73.0,73,1,0,0,0,0,0,0,0,1,0,0,0,0,0,Saury_Salmon
455,2020-01-23,27,2.25,9,0.75,77,6.416666667,12,73.0,73,0,1,0,0,0,0,1,0,0,0,0,0,0,0,Blue Runner
456,2020-01-25,11,2.2,2,0.4,19,3.8,5,73.4,73,0,0,0,0,1,0,0,0,0,0,0,0,0,0,Herring
457,2020-01-26,30,4.285714286,3,0.428571429,72,10.28571429,7,74.4,74,0,0,0,1,0,1,0,1,0,0,0,0,0,0,Mackerel
458,2020-01-28,28,2.333333333,1,0.083333333,57,4.75,12,74.2,74,1,0,0,0,0,0,1,1,1,0,0,0,0,0,Saury_Salmon
459,2020-01-30,22,1.8333333330000001,5,0.41666666700000005,62,5.166666667,12,74.2,74,0,1,0,0,0,0,0,1,0,1,0,0,0,0,Blue Runner_Bonito
460,2020-02-01,10,2.0,0,0.0,20,4.0,5,73.0,73,0,0,0,0,1,0,0,0,0,0,0,0,0,0,Herring
461,2020-02-02,23,3.285714286,5,0.7142857140000001,67,9.571428571,7,74.2,74,0,0,0,1,0,1,0,1,0,0,0,0,0,0,Mackerel
462,2020-02-04,30,2.5,3,0.25,57,4.75,12,73.8,74,1,0,0,0,0,0,1,1,1,0,0,0,0,0,Saury_Salmon
463,2020-02-06,23,1.9166666669999999,3,0.25,85,7.083333333,12,73.6,74,0,1,1,0,0,0,1,1,0,0,1,0,0,0,Blue Runner_Squid_Bluefish
464,2020-02-08,11,2.2,0,0.0,16,3.2,5,73.4,73,0,0,0,0,1,0,0,1,0,0,0,0,0,0,Herring
465,2020-02-09,32,4.571428571,5,0.7142857140000001,108,15.42857143,7,74.0,74,0,0,0,1,0,1,0,1,0,0,0,0,0,0,Mackerel
466,2020-02-11,25,2.083333333,3,0.25,46,3.833333333,12,73.6,74,1,0,0,0,0,0,1,1,1,0,0,0,0,0,Saury_Salmon
467,2020-02-13,20,1.6666666669999999,5,0.41666666700000005,62,5.166666667,12,73.4,73,0,1,0,0,0,1,0,1,0,0,0,0,0,0,Blue Runner
468,2020-02-15,7,1.4,1,0.2,10,2.0,5,73.0,73,0,0,0,0,1,0,0,0,0,0,0,0,0,0,Herring
469,2020-02-16,23,3.285714286,7,1.0,52,7.428571429,7,73.8,74,0,0,0,1,0,1,0,1,0,0,0,0,0,0,Mackerel
470,2020-02-18,27,2.25,8,0.666666667,62,5.166666667,12,73.8,74,1,0,0,0,0,0,1,1,1,0,0,0,0,0,Saury_Salmon
471,2020-02-20,23,1.9166666669999999,7,0.583333333,82,6.833333333,12,73.4,73,0,1,1,0,0,0,1,1,0,0,1,0,0,0,Blue Runner_Squid_Bluefish
472,2020-02-22,9,1.8,0,0.0,25,5.0,5,73.0,73,0,0,0,0,1,0,0,0,0,0,0,0,0,0,Herring
473,2020-02-23,25,3.571428571,7,1.0,121,17.28571429,7,73.6,74,0,0,0,1,0,1,0,1,0,0,0,0,0,0,Mackerel
474,2020-02-24,22,1.8333333330000001,4,0.333333333,61,5.083333333,12,73.6,74,1,0,0,0,0,0,1,1,1,0,0,0,0,0,Saury_Salmon
475,2020-02-27,11,0.916666667,1,0.083333333,42,3.5,12,73.2,73,0,1,1,0,0,0,1,1,0,1,0,0,0,0,Blue Runner_Squid_Bonito
476,2020-02-29,7,1.4,5,1.0,11,2.2,5,73.2,73,0,0,0,0,1,0,0,0,0,0,0,0,0,0,Herring
477,2020-03-01,33,4.714285714,3,0.428571429,71,10.14285714,7,73.4,73,0,0,0,1,0,1,0,1,0,0,0,0,0,0,Mackerel
478,2020-03-03,23,1.9166666669999999,3,0.25,82,6.833333333,12,73.4,73,1,0,0,0,0,0,1,1,0,0,0,0,0,0,Saury
479,2020-03-05,16,1.333333333,7,0.583333333,68,5.666666667,12,73.4,73,0,1,1,0,0,1,1,1,0,0,0,0,0,0,Blue Runner_Squid
480,2020-03-07,11,2.2,0,0.0,31,6.2,5,73.2,73,0,0,0,0,1,0,0,0,0,0,0,0,0,0,Herring
481,2020-03-08,21,3.0,6,0.857142857,118,16.85714286,7,74.2,74,0,0,0,1,0,1,0,1,0,0,0,0,0,0,Mackerel
482,2020-03-10,29,2.416666667,3,0.25,75,6.25,12,74.2,74,1,0,0,0,0,0,1,1,0,0,0,0,0,0,Saury
483,2020-03-12,20,1.6666666669999999,3,0.25,93,7.75,12,74.2,74,0,1,1,0,0,0,1,1,0,0,1,0,0,0,Blue Runner_Squid_Bluefish
484,2020-03-14,10,2.0,1,0.2,15,3.0,5,73.6,74,0,0,0,0,1,0,0,0,0,0,0,0,0,0,Herring
485,2020-03-15,26,3.714285714,3,0.428571429,81,11.57142857,7,74.6,75,0,0,0,1,0,1,0,1,0,0,0,0,0,0,Mackerel
486,2020-03-17,26,2.166666667,4,0.333333333,93,7.75,12,74.6,75,1,0,0,0,0,0,1,1,0,0,0,0,0,0,Saury
487,2020-03-19,22,1.8333333330000001,16,1.333333333,97,8.083333332999999,12,74.6,75,0,1,1,0,0,0,0,0,0,0,0,0,0,0,Blue Runner_Squid
488,2020-03-21,6,1.2,0,0.0,6,1.2,5,74.4,74,0,0,0,1,0,0,0,0,0,0,0,0,0,0,Mackerel
489,2020-03-22,28,4.0,1,0.14285714300000002,83,11.85714286,7,74.6,75,0,0,0,1,0,1,0,0,0,0,0,0,0,0,Mackerel
490,2020-03-26,41,3.416666667,7,0.583333333,84,7.0,12,74.6,75,0,1,1,0,0,0,1,1,0,1,0,0,0,0,Blue Runner_Squid_Bonito
491,2020-03-28,16,3.2,0,0.0,18,3.6,5,74.0,74,0,0,1,0,1,0,0,1,0,0,0,0,0,0,Squid_Herring
492,2020-03-29,12,1.714285714,13,1.857142857,55,7.857142857,7,73.2,73,0,0,0,1,0,1,1,0,0,0,0,0,0,0,Mackerel
493,2020-03-31,14,1.166666667,9,0.75,51,4.25,12,73.2,73,1,0,0,0,0,0,0,1,0,0,0,0,0,0,Saury
494,2020-04-02,26,2.166666667,8,0.666666667,56,4.666666667,12,72.6,73,0,1,1,0,0,0,1,0,0,0,0,0,0,0,Blue Runner_Squid
495,2020-04-04,11,2.2,0,0.0,24,4.8,5,72.2,72,0,0,0,0,1,0,0,0,0,0,0,0,0,0,Herring
496,2020-04-05,15,2.142857143,6,0.857142857,43,6.142857143,7,73.0,73,0,0,0,1,0,1,0,1,0,0,0,0,0,0,Mackerel
497,2020-04-07,22,1.8333333330000001,4,0.333333333,45,3.75,12,72.8,73,1,0,0,0,0,0,1,1,0,0,0,0,0,0,Saury
498,2020-04-09,32,2.666666667,11,0.916666667,79,6.583333333,12,73.4,73,0,1,1,0,0,0,1,1,0,0,0,0,0,0,Blue Runner_Squid
499,2020-04-11,11,2.2,2,0.4,23,4.6,5,73.8,74,0,0,0,0,1,0,0,0,0,0,0,0,0,0,Herring
500,2020-04-12,18,2.5714285709999998,5,0.7142857140000001,45,6.428571429,7,73.0,73,0,0,0,1,0,1,0,0,0,0,0,0,0,0,Mackerel
501,2020-04-14,20,1.6666666669999999,4,0.333333333,37,3.083333333,12,73.2,73,1,0,0,0,0,0,0,0,0,0,0,0,0,0,Saury
502,2020-04-16,15,1.25,13,1.083333333,34,2.833333333,12,73.0,73,0,1,1,0,0,0,1,0,0,0,0,0,0,0,Blue Runner_Squid
503,2020-04-18,6,1.2,1,0.2,24,4.8,5,73.2,73,0,0,0,0,1,0,0,0,0,0,0,0,0,0,Herring
504,2020-04-19,22,3.142857143,3,0.428571429,47,6.714285714,7,72.6,73,1,0,0,1,0,0,0,1,0,0,0,0,0,0,Saury_Mackerel
505,2020-04-21,26,2.166666667,8,0.666666667,68,5.666666667,12,73.0,73,1,0,0,0,0,0,1,1,0,0,0,0,0,0,Saury
506,2020-04-23,27,2.25,5,0.41666666700000005,73,6.083333333,12,74.8,75,0,1,1,0,0,0,1,1,0,0,0,0,0,0,Blue Runner_Squid
507,2020-04-25,16,1.333333333,0,0.0,49,4.083333333,12,75.0,75,0,0,0,1,1,1,0,1,0,0,0,0,0,0,Mackerel_Herring
508,2020-04-28,9,0.75,11,0.916666667,42,3.5,12,74.4,74,1,0,0,0,0,0,0,0,0,0,0,0,0,0,Saury
509,2020-04-30,19,1.5833333330000001,16,1.333333333,32,2.666666667,12,74.8,75,0,1,1,0,0,0,0,0,0,0,0,0,0,0,Blue Runner_Squid
510,2020-05-02,18,2.5714285709999998,3,0.428571429,18,2.5714285709999998,7,74.6,75,0,0,1,1,1,0,0,0,0,0,0,0,0,0,Squid_Mackerel_Herring
511,2020-05-05,23,1.9166666669999999,3,0.25,64,5.333333333,12,75.4,75,1,0,0,0,0,0,1,1,0,0,0,0,0,0,Saury
512,2020-05-07,20,1.6666666669999999,6,0.5,83,6.916666667,12,75.0,75,0,1,1,0,0,0,1,1,0,0,0,0,0,0,Blue Runner_Squid
513,2020-05-09,8,1.6,2,0.4,26,5.2,5,75.0,75,0,0,0,0,1,0,0,1,0,0,0,0,0,0,Herring
514,2020-05-10,21,3.0,3,0.428571429,40,5.714285714,7,75.0,75,0,0,0,1,0,1,0,1,0,0,0,0,0,0,Mackerel
515,2020-05-12,20,1.6666666669999999,2,0.166666667,74,6.166666667,12,74.8,75,1,0,0,0,0,0,1,1,0,0,0,0,0,0,Saury
516,2020-05-14,19,1.5833333330000001,6,0.5,49,4.083333333,12,75.2,75,0,1,1,0,0,0,1,1,0,0,0,1,0,0,Blue Runner_Squid_Mahi
517,2020-05-16,4,0.8,1,0.2,13,2.6,5,74.0,74,0,0,0,1,0,0,0,0,0,0,0,0,0,0,Mackerel
518,2020-05-17,21,3.0,0,0.0,103,14.71428571,7,75.4,75,0,0,0,1,0,1,0,1,0,0,0,0,0,0,Mackerel
519,2020-05-19,34,2.833333333,2,0.166666667,53,4.416666667,12,75.2,75,1,0,0,0,0,0,1,1,0,0,0,0,0,0,Saury
520,2020-05-21,19,1.5833333330000001,6,0.5,82,6.833333333,12,74.8,75,0,1,1,0,0,0,1,1,1,0,0,0,0,0,Blue Runner_Squid_Salmon
521,2020-05-23,0,0.0,0,0.0,0,0.0,5,74.6,75,0,0,1,0,0,1,0,0,0,0,0,0,0,0,Squid
522,2020-05-24,18,2.5714285709999998,2,0.28571428600000004,44,6.285714286,7,75.4,75,0,0,0,1,0,1,0,1,0,0,0,0,0,0,Mackerel
523,2020-05-26,33,2.75,4,0.333333333,52,4.333333333,12,75.4,75,1,0,0,0,0,0,1,1,0,0,0,0,0,0,Saury
524,2020-05-28,25,2.083333333,5,0.41666666700000005,42,3.5,12,75.6,76,0,1,1,0,0,0,1,1,0,0,0,0,0,0,Blue Runner_Squid
525,2020-05-30,1,0.2,0,0.0,10,2.0,5,75.6,76,0,0,0,0,0,1,0,0,0,0,0,0,0,0,
526,2020-05-31,12,1.714285714,4,0.571428571,46,6.571428571,7,75.6,76,0,0,0,1,0,1,0,1,0,0,0,0,0,0,Mackerel
527,2020-06-02,28,2.333333333,8,0.666666667,39,3.25,12,76.0,76,1,0,0,0,0,0,1,1,0,0,0,0,0,0,Saury
528,2020-06-04,20,1.6666666669999999,3,0.25,46,3.833333333,12,75.8,76,0,1,1,0,0,0,1,1,0,0,0,0,0,0,Blue Runner_Squid
529,2020-06-06,0,0.0,0,0.0,0,0.0,5,75.6,76,0,0,0,0,0,1,0,0,0,0,0,0,0,0,
530,2020-06-07,16,2.285714286,1,0.14285714300000002,79,11.28571429,7,76.4,76,0,0,0,1,0,1,0,1,0,0,0,0,0,0,Mackerel
531,2020-06-09,25,2.083333333,5,0.41666666700000005,70,5.833333333,12,75.8,76,1,0,0,0,0,0,1,1,0,0,0,0,0,0,Saury
532,2020-06-11,32,2.666666667,7,0.583333333,63,5.25,12,75.8,76,0,1,1,0,0,0,1,1,0,0,0,0,0,0,Blue Runner_Squid
533,2020-06-13,1,0.2,0,0.0,3,0.6,5,74.8,75,0,0,0,1,0,0,0,0,0,0,0,0,0,0,Mackerel
534,2020-06-14,21,3.0,2,0.28571428600000004,43,6.142857143,7,75.4,75,0,0,0,1,0,1,0,1,0,0,0,0,0,0,Mackerel
535,2020-06-16,24,2.0,4,0.333333333,56,4.666666667,12,75.6,76,1,0,0,0,0,0,1,1,0,0,0,0,0,0,Saury
536,2020-06-18,32,2.666666667,6,0.5,35,2.916666667,12,75.2,75,0,1,1,0,0,0,1,1,1,0,0,0,0,0,Blue Runner_Squid_Salmon
537,2020-06-20,6,1.2,3,0.6,7,1.4,5,74.8,75,0,0,0,1,0,0,0,0,0,0,0,0,0,0,Mackerel
538,2020-06-21,24,3.428571429,3,0.428571429,44,6.285714286,7,75.4,75,0,0,0,1,0,1,0,1,0,0,0,0,0,0,Mackerel
539,2020-06-23,34,2.833333333,4,0.333333333,39,3.25,12,75.6,76,1,0,0,0,0,0,1,1,0,0,0,0,0,0,Saury
540,2020-06-25,48,4.0,6,0.5,64,5.333333333,12,75.8,76,0,1,1,0,0,0,1,1,0,0,0,0,0,0,Blue Runner_Squid
541,2020-06-27,9,1.8,1,0.2,18,3.6,5,75.4,75,0,0,1,1,0,1,0,0,0,0,0,0,0,0,Squid_Mackerel
542,2020-06-28,20,2.857142857,2,0.28571428600000004,37,5.285714286,7,76.2,76,0,0,0,1,0,1,0,1,0,0,0,0,0,0,Mackerel
543,2020-06-30,33,2.75,2,0.166666667,55,4.583333333,12,75.8,76,1,0,0,0,0,0,1,1,0,0,0,0,0,0,Saury
544,2020-07-02,15,1.25,10,0.833333333,23,1.9166666669999999,12,74.2,74,0,1,0,0,0,0,0,0,1,0,0,0,0,0,Blue Runner_Salmon
545,2020-07-04,8,1.6,1,0.2,9,1.8,5,75.4,75,0,0,0,1,0,0,0,0,0,0,0,0,0,0,Mackerel
546,2020-07-05,18,2.5714285709999998,2,0.28571428600000004,40,5.714285714,7,75.6,76,0,0,0,1,0,1,1,1,0,0,0,0,0,0,Mackerel
547,2020-07-07,28,2.333333333,6,0.5,52,4.333333333,12,75.4,75,1,0,0,0,0,0,1,0,0,0,0,0,0,0,Saury
548,2020-07-09,16,1.333333333,5,0.41666666700000005,59,4.916666667,12,75.2,75,0,1,0,0,0,0,0,0,0,0,0,0,0,0,Blue Runner
549,2020-07-11,0,0.0,0,0.0,20,4.0,5,75.6,76,0,0,0,1,0,1,0,0,0,0,0,0,0,0,Mackerel
550,2020-07-12,20,2.857142857,1,0.14285714300000002,33,4.714285714,7,76.2,76,0,0,0,1,0,1,0,1,0,0,0,0,0,0,Mackerel
551,2020-07-14,33,2.75,1,0.083333333,47,3.916666667,12,76.2,76,1,0,0,0,0,0,1,1,0,0,0,0,0,0,Saury
552,2020-07-16,37,3.083333333,10,0.833333333,65,5.416666667,12,76.2,76,0,1,1,0,0,0,1,1,0,0,0,0,0,0,Blue Runner_Squid
553,2020-07-18,16,3.2,0,0.0,30,6.0,5,75.8,76,0,0,0,0,1,0,0,0,0,0,0,0,0,0,Herring
554,2020-07-19,18,2.5714285709999998,2,0.28571428600000004,36,5.1428571430000005,7,76.6,77,0,0,0,1,0,1,0,1,0,0,0,0,0,0,Mackerel
555,2020-07-21,36,3.0,4,0.333333333,46,3.833333333,12,76.6,77,1,0,0,0,0,0,1,1,0,0,0,0,0,0,Saury
556,2020-07-23,32,2.666666667,5,0.41666666700000005,63,5.25,12,76.2,76,0,1,1,0,0,0,0,1,0,0,0,0,0,0,Blue Runner_Squid
557,2020-07-25,14,2.8,0,0.0,23,4.6,5,76.2,76,0,0,0,0,1,0,0,0,0,0,0,0,0,0,Herring
558,2020-07-26,25,3.571428571,1,0.14285714300000002,74,10.57142857,7,77.2,77,0,0,0,1,0,1,0,1,0,0,0,0,0,0,Mackerel
559,2020-07-28,37,3.083333333,3,0.25,55,4.583333333,12,77.0,77,1,0,0,0,0,0,1,1,0,0,0,0,0,0,Saury
560,2020-07-30,33,2.75,3,0.25,66,5.5,12,77.0,77,0,1,1,0,0,0,1,1,0,0,0,1,0,0,Blue Runner_Squid_Mahi
561,2020-08-01,12,2.4,1,0.2,21,4.2,5,77.2,77,0,0,0,0,1,0,0,0,0,0,0,0,0,0,Herring
562,2020-08-02,18,2.5714285709999998,1,0.14285714300000002,33,4.714285714,7,77.0,77,0,0,0,1,0,1,0,1,0,0,0,0,0,0,Mackerel
563,2020-08-04,39,3.25,2,0.166666667,45,3.75,12,77.2,77,1,0,0,0,0,0,1,1,0,0,0,0,0,0,Saury
564,2020-08-06,33,2.75,6,0.5,54,4.5,12,76.8,77,0,1,1,0,0,0,1,1,0,0,0,0,0,0,Blue Runner_Squid
565,2020-08-08,12,2.4,0,0.0,22,4.4,5,76.0,76,0,0,0,0,1,0,0,0,0,0,0,0,0,0,Herring
566,2020-08-09,18,2.5714285709999998,1,0.14285714300000002,39,5.571428571,7,76.4,76,0,0,0,1,0,1,0,1,0,0,0,0,0,0,Mackerel
567,2020-08-11,40,3.333333333,1,0.083333333,60,5.0,12,76.6,77,1,0,0,0,0,0,1,1,0,0,0,0,0,0,Saury
568,2020-08-13,42,3.5,8,0.666666667,74,6.166666667,12,76.6,77,0,1,1,0,0,0,1,1,0,0,0,0,0,0,Blue Runner_Squid
569,2020-08-15,14,2.8,4,0.8,18,3.6,5,75.4,75,0,0,0,0,1,0,0,0,0,0,0,0,0,0,Herring
570,2020-08-16,22,3.142857143,1,0.14285714300000002,34,4.8571428569999995,7,76.0,76,1,0,0,0,0,0,0,1,0,0,0,0,0,0,Saury
571,2020-08-18,41,3.416666667,0,0.0,49,4.083333333,12,75.6,76,1,0,0,0,0,0,1,1,0,0,0,0,0,0,Saury
572,2020-08-20,40,3.333333333,6,0.5,81,6.75,12,74.6,75,0,1,1,0,0,0,1,1,0,0,0,0,0,0,Blue Runner_Squid
573,2020-08-22,10,2.0,0,0.0,29,5.8,5,75.0,75,0,0,0,0,1,0,0,0,0,0,0,0,0,0,Herring
574,2020-08-23,37,5.285714286,5,0.7142857140000001,54,7.714285714,7,76.0,76,0,0,0,1,0,1,0,1,0,0,0,0,0,0,Mackerel
575,2020-08-25,24,2.0,6,0.5,43,3.583333333,12,76.4,76,1,0,0,0,0,0,1,1,0,0,0,0,0,0,Saury
576,2020-08-27,31,2.583333333,4,0.333333333,87,7.25,12,76.6,77,0,1,1,0,0,0,1,1,1,0,0,0,0,0,Blue Runner_Squid_Salmon
577,2020-08-29,11,2.2,3,0.6,20,4.0,5,76.4,76,0,0,0,0,1,0,0,0,0,0,0,0,0,0,Herring
578,2020-08-30,16,2.285714286,5,0.7142857140000001,38,5.428571429,7,77.0,77,0,0,0,1,0,1,0,1,0,0,0,0,0,0,Mackerel
579,2020-09-01,31,2.583333333,8,0.666666667,77,6.416666667,12,76.6,77,1,0,0,0,0,0,0,0,0,0,0,0,0,0,Saury
580,2020-09-03,44,3.666666667,5,0.41666666700000005,84,7.0,12,76.2,76,0,1,1,0,0,0,1,1,0,1,0,0,0,0,Blue Runner_Squid_Bonito
581,2020-09-05,11,2.2,2,0.4,15,3.0,5,76.0,76,0,0,0,0,1,0,0,0,0,0,0,0,0,0,Herring
582,2020-09-06,30,4.285714286,1,0.14285714300000002,55,7.857142857,7,76.4,76,0,0,0,1,0,1,0,1,0,0,0,0,0,0,Mackerel
583,2020-09-08,30,2.5,3,0.25,58,4.833333333,12,76.2,76,1,0,0,0,0,0,1,1,0,0,0,0,0,0,Saury
584,2020-09-10,39,3.25,4,0.333333333,90,7.5,12,74.6,75,0,1,1,0,0,0,1,1,1,0,0,0,0,0,Blue Runner_Squid_Salmon
585,2020-09-12,9,1.8,2,0.4,17,3.4,5,74.8,75,0,0,0,0,1,0,0,0,0,0,0,0,0,0,Herring
586,2020-09-13,12,1.714285714,2,0.28571428600000004,20,2.857142857,7,75.4,75,0,0,0,1,0,1,0,1,0,0,0,0,0,0,Mackerel
587,2020-09-14,39,3.25,4,0.333333333,52,4.333333333,12,75.6,76,1,0,0,0,0,0,1,1,0,0,0,0,0,0,Saury
588,2020-09-17,44,3.666666667,10,0.833333333,79,6.583333333,12,75.4,75,0,1,0,0,0,0,1,1,0,0,0,0,0,0,Blue Runner
589,2020-09-19,13,2.6,1,0.2,28,5.6,5,74.8,75,0,0,0,0,1,0,0,0,0,0,0,0,0,0,Herring
590,2020-09-20,17,2.4285714290000002,2,0.28571428600000004,38,5.428571429,7,75.4,75,0,0,0,1,0,1,0,1,0,0,0,0,0,0,Mackerel
591,2020-09-22,26,2.166666667,10,0.833333333,46,3.833333333,12,75.6,76,1,0,0,0,0,0,1,1,0,0,0,0,0,0,Saury
592,2020-09-24,44,3.666666667,7,0.583333333,98,8.166666667000001,12,75.6,76,0,1,1,0,0,0,1,1,0,0,0,0,0,0,Blue Runner_Squid
593,2020-09-26,12,2.4,1,0.2,24,4.8,5,75.0,75,0,0,0,0,1,0,0,0,0,0,0,0,0,0,Herring
594,2020-09-27,33,4.714285714,3,0.428571429,75,10.71428571,7,75.6,76,0,0,0,1,0,1,0,1,0,0,0,0,0,0,Mackerel
595,2020-09-29,38,3.166666667,4,0.333333333,61,5.083333333,12,75.4,75,1,0,0,0,0,0,1,1,0,0,0,0,0,0,Saury
